;;;;;
1;COMERCIAL;1604498546367;D1010070;D1010070 LUMINARIA RIEL MONOFÁSICO LED 20W CARCASA NEGRA 3000K IP20 220V DIMENSIONES ∅70*130mm;6200
1;COMERCIAL;1604498576273;D1010071;D1010071 LUMINARIA RIEL MONOFÁSICO LED 20W CARCASA NEGRA 4000K IP20 220V DIMENSIONES ∅70*130mm;6200
1;COMERCIAL;1604498609687;D1010072;D1010072 LUMINARIA RIEL MONOFÁSICO LED 30W CARCASA NEGRA 3000K IP20 220V DIMENSIONES ∅70*130mm;7000
1;COMERCIAL;1604498677248;D1010073;D1010073 LUMINARIA RIEL MONOFÁSICO LED 30W CARCASA NEGRA 4000K IP20 220V DIMENSIONES ∅70*130mm;7000
1;COMERCIAL;1604498708344;D1010074;D1010074 LUMINARIA RIEL MONOFÁSICO LED 12W CARCASA BLANCA 3000K IP20 220V DIMENSIONES ∅60*110mm;5000
1;COMERCIAL;1604498731631;D1010075;D1010075 LUMINARIA RIEL MONOFÁSICO LED 12W CARCASA BLANCA 4000K IP20 220V DIMENSIONES ∅60*110mm;5000
1;COMERCIAL;1604498776262;D1010076;D1010076 LUMINARIA RIEL MONOFÁSICO LED 20W CARCASA BLANCA 3000K IP20 220V DIMENSIONES ∅70*130mm;6200
1;COMERCIAL;1604498804488;D1010077;D1010077 LUMINARIA RIEL MONOFÁSICO LED 20W CARCASA BLANCA 4000K IP20 220V DIMENSIONES ∅70*130mm;6200
1;COMERCIAL;1604498841298;D1010078;D1010078 LUMINARIA RIEL MONOFÁSICO LED 30W CARCASA BLANCA 3000K IP20 220V DIMENSIONES ∅70*130mm;6500
1;COMERCIAL;1604498886642;D1010079;D1010079 LUMINARIA RIEL MONOFÁSICO LED 30W CARCASA BLANCA 4000K IP20 220V DIMENSIONES ∅70*130mm;6500
1;COMERCIAL;1623793025712;D1010102;D1010102 EMBUTIDO PISO LED COB 10W 3000K 70LM/W ⌀130x90MM IP67 220V;13900
1;COMERCIAL;1623793070731;D1010104;D1010104 EMBUTIDO PISO LED COB 20W 3000K 70LM/W ⌀200x90MM IP67 220V;23900
1;COMERCIAL;1623793105867;D1010105;D1010105 EMBUTIDO PISO LED COB 30W 3000K 70LM/W ⌀250x90MM IP67 220V;34900
1;COMERCIAL;1623793180608;D1010106;D1010106 ESTACA LED 6W 3000K IP65 98x270MM AC170-265V;4900
1;COMERCIAL;1623793209037;D1010107;D1010107 ESTACA PARA GU10 IP65 98x270MM AC90-265V;5900
1;COMERCIAL;1631802512856;D1010186;D1010186 FOCO EMPOTRADO A MURO LED 3W 3000°K IP54 220V DIMENSIONES 100*60 MM;4900
1;COMERCIAL;1631802543975;D1010187;D1010187 FOCO EMPOTRADO A MURO LED 3W 3000°K IP54 220V DIMENSIONES 145*70*H55 MM;8900
1;COMERCIAL;1623793336103;D1010190;D1010190 LUMINARIA SOBREPUESTA CUADRADA 7W 3000K IP20 220V CARCASA GRIS OSCURO;8900
1;COMERCIAL;1623793379975;D1010191;D1010191 LUMINARIA SOBREPUESTA CUADRADA 7W 4300K IP20 220V CARCASA GRIS OSCURO;8900
1;COMERCIAL;1623793427814;D1010192;D1010192 LUMINARIA SOBREPUESTA CUADRADA 12W 3000K IP20 220V CARCASA GRIS OSCURO;11900
1;COMERCIAL;1623793459616;D1010193;D1010193 LUMINARIA SOBREPUESTA CUADRADA 12W 4300K IP20 220V CARCASA GRIS OSCURO;11900
1;COMERCIAL;1623793489979;D1010194;D1010194 LUMINARIA SOBREPUESTA CUADRADA 18W 3000K IP20 220V CARCASA GRIS OSCURO;14900
1;COMERCIAL;1623793519000;D1010195;D1010195 LUMINARIA SOBREPUESTA CUADRADA 18W 4300K IP20 220V CARCASA GRIS OSCURO;14900
1;COMERCIAL;1623793248397;D1010197;D1010197 LUMINARIA DE EMERGENCIA LINEAL 20W 5000°K 170MM 220V;4900
1;COMERCIAL;1623793282906;D1010198;D1010198 LUMINARIA DE EMERGENCIA LINEAL 40W 5000°K 520MM 220V;5900
1;COMERCIAL;1625608004701;D1010199;D1010199 LUMINARIA TIPO APLIQUÉ COLOR BLANCO LED 10W 3000°K IP54 220V;9900
1;COMERCIAL;1625608037558;D1010200;D1010200 LUMINARIA TIPO APLIQUÉ COLOR NEGRO LED 10W 3000°K IP54 220V;9900
1;COMERCIAL;1625608778740;D1010201;D1010201 RIEL MONOFÁSICO NEGRO 1 METRO 220V;3500
1;COMERCIAL;1625608979463;D1010202;D1010202 RIEL MONOFÁSICO NEGRO 3 METROS 220V;10900
1;COMERCIAL;1625609048320;D1010203;D1010203 RIEL MONOFÁSICO BLANCO 2 METROS 220V;6900
1;COMERCIAL;1625608945979;D1010204;D1010204 RIEL MONOFÁSICO NEGRO 2 METROS 220V;6900
1;COMERCIAL;1625609016932;D1010205;D1010205 RIEL MONOFÁSICO BLANCO 1 METRO 220V;3500
1;COMERCIAL;1625609079544;D1010206;D1010206 RIEL MONOFÁSICO BLANCO 3 METROS 220V;10900
1;COMERCIAL;1625609139647;D1010207;"D1010207 CONECTOR RIEL MONOFÁSICO ""I"" NEGRO 220V";1200
1;COMERCIAL;1625609168558;D1010208;"D1010208 CONECTOR RIEL MONOFÁSICO ""I"" BLANCO 220V";1200
1;COMERCIAL;1625609194991;D1010209;"D1010209 CONECTOR RIEL MONOFÁSICO ""L"" NEGRO 220V";1200
1;COMERCIAL;1625609218298;D1010210;"D1010210 CONECTOR RIEL MONOFÁSICO ""L"" BLANCO 220V";1200
1;COMERCIAL;1625609247194;D1010211;"D1010211 CONECTOR RIEL MONOFÁSICO ""T"" NEGRO 220V";1900
1;COMERCIAL;1625609273547;D1010212;"D1010212 CONECTOR RIEL MONOFÁSICO ""T"" BLANCO 220V";1900
1;COMERCIAL;1625609298766;D1010213;"D1010213 CONECTOR RIEL MONOFÁSICO ""X"" NEGRO 220V";2500
1;COMERCIAL;1625609324769;D101214;"D1010214 CONECTOR RIEL MONOFÁSICO ""X"" BLANCO 220V";2500
1;COMERCIAL;1625609356565;D1010217;D1010217 LUMINARIA PARA RIEL MONOFÁSICO NEGRO GU10 220V NO INCLUYE AMPOLLETA;3900
1;COMERCIAL;1625609386614;D1010218;D1010218 LUMINARIA PARA RIEL MONOFÁSICO BLANCO GU10 220V NO INCLUYE AMPOLLETA;3900
1;COMERCIAL;1600263916884;D1030001;D1030001 CINTA LED SMD CHIP 2835, 120LED/MT 3000K IP20 9,6W 800LM/MT 12V FONDO BLANCO;1300
1;COMERCIAL;1600264983079;D1030002;D1030002 CINTA LED SMD CHIP 2835, 120LED/MT 4300K IP20 9,6W 800LM/MT 12V FONDO BLANCO;1300
1;COMERCIAL;1600265034839;D1030003;D1030003 CINTA LED SMD CHIP 2835, 120LED/MT 6000K IP20 9,6W 800LM/MT 12V FONDO BLANCO;1300
1;COMERCIAL;1600280428404;D1030004;D1030004 CINTA LED SMD CHIP 2835, 120LED/MT 3000K IP54 9,6W 800LM/MT 12V FONDO BLANCO;2000
1;COMERCIAL;1600280497015;D1030005;D1030005 CINTA LED SMD CHIP 2835, 120LED/MT 4300K IP54 9,6W 800LM/MT 12V FONDO BLANCO;2000
1;COMERCIAL;1600280534166;D1030006;D1030006 CINTA LED SMD CHIP 2835, 120LED/MT 6000K IP54 9,6W 800LM/MT 12V FONDO BLANCO;2000
1;COMERCIAL;1600265159778;D1030007;D1030007 CINTA LED SMD CHIP 5050, 60LED/MT RGB IP20 14,4W 12V FONDO BLANCO;1400
1;COMERCIAL;1600265230811;D1030008;D1030008 CINTA LED SMD CHIP 5050, 60LED/MT RGB IP54 14,4W 12V FONDO BLANCO;1600
1;COMERCIAL;1600265348303;D1030009;D1030009 CINTA LED SMD CHIP 3528, 60LED/MT 3000K IP20 4,8W 300LM/MT 12V FONDO BLANCO;1000
1;COMERCIAL;1600265389790;D1030010;D1030010 CINTA LED SMD CHIP 3528, 60LED/MT 4300K IP20 4,8W 300LM/MT 12V FONDO BLANCO;1000
1;COMERCIAL;1600265443382;D1030011;D1030011 CINTA LED SMD CHIP 3528, 60LED/MT 6000K IP20 4,8W 300LM/MT 12V FONDO BLANCO;1000
1;COMERCIAL;1600265537842;D1030012;D1030012 CINTA LED SMD CHIP 2835, 240LED/MT 3000K IP20 19,2W 1600LM/MT 12V FONDO BLANCO;3200
1;COMERCIAL;1600265574956;D1030013;D1030013 CINTA LED SMD CHIP 2835, 240LED/MT 4300K IP20 19,2W 1600LM/MT 12V FONDO BLANCO;3200
1;COMERCIAL;1600265636930;D1030014;D1030014 CINTA LED SMD CHIP 5050, 120LED/MT 3000K IP20 28W 2200LM/MT 12V FONDO BLANCO;4500
1;COMERCIAL;1600265675936;D1030015;D1030015 CINTA LED SMD CHIP 5050, 120LED/MT 4300K IP20 28W 2200LM/MT 12V FONDO BLANCO;4500
1;COMERCIAL;1600196144662;D1040001;D1040001 AMPOLLETA AR111 15W 15LED 3000K 1300LM 30° BASE GU10 220V AR111 15w;5700
1;COMERCIAL;1604434492567;D1040002;D1040002 AMPOLLETA AR111 15W 15LED 4000K 1300LM 30° BASE GU10 220V;5700
1;COMERCIAL;1600196212946;D1040003;D1040003 AMPOLLETA AR111 24W 24LED 3000K 2000LM 30° BASE GU10 220V AR111 24w;9900
1;COMERCIAL;1604434535264;D1040004;D1040004 AMPOLLETA AR111 24W 24LED 3000K 2000LM 30° BASE GU10 220V;9900
1;COMERCIAL;1600278504244;D1050013;D1050013 KIT PIOLAS DE ACERO PARA PANEL 100CM 4 EXTENSORES;2000
1;COMERCIAL;1600278595185;D1050015;D1050015 CLIPS PARA EMPOTRAR PANELES 4 PIEZAS;1500
1;COMERCIAL;1623359732928;D1070001;D1070001 AMPOLLETA LED 9W A60 3000K SMART WIFI & BLUETOOTH 806LM 220V;5900
1;COMERCIAL;1612556453241;D1070002;D1070002 CONTROLADOR SMARTLIFE WIFI PARA CINTAS MONOCOLOR, 12V CAPACIDAD 48W INCLUYE CONTROL REMOTO;6900
1;COMERCIAL;1612556587262;D1070003;D1070003 CONTROLADOR SMARTLIFE WIFI PARA CINTA RGB 12V INCLUYE CONTROL REMOTO Y FUENTE DE PODER 220V;10000
1;COMERCIAL;1612559072794;D1070004;D1070004 PACK 5MTS CINTAS RGB 7,2W/MT 12VDC 72 LEDS, INTERIOR CONTROLADOR WIFI RGB CON CONTROL Y FUENTE DE PODER;17000
1;COMERCIAL;1612559193430;D1070005;D1070005 PACK 5MTS CINTAS RGB Y BLANCOS 7,2W/MT 12VDC 72 LEDS, INTERIOR CONTROLADOR WIFI RGB CON CONTROL Y FUENTE DE PODER;22900
1;COMERCIAL;1614717192771;D1070012;D1070012 PROYECTOR DE ÁREA LED SMART 20W RGB Y BLANCOS WIFI & BLUETOOTH IP65 220 DIMENSIONES 145*155;15500
1;COMERCIAL;1614717128414;D1070011;D107011 PROYECTOR DE ÁREA LED SMART 20W 2700-6500K WIFI & BLUETOOTH IP65 220V DIMENSIONES 145*155*34;13900
1;COMERCIAL;1613655672708;D1080001;D1080001 CINTA LED SMD CHIP 2835, 120LED / MT, 3000°K, IP65, 14W, 220V, FONDO BLANCO ROLLO DE 20 M;89900
1;COMERCIAL;1613657196286;D1080002;D1080002 CINTAS LED SMD CHIP 2835, 120LED / MT, 6000°K, IP65, 14W, 220V, FONDO BLANCO ROLLO DE 20 M;89900
1;COMERCIAL;1626291577514;D1120008;D1120008 LUMINARIA DE EMERGENCIA LED 9*2W 6000K 2 HRS DE AUTONOMÍA 85-265V DIMENSIONES 270*65*280MM;16900
1;COMERCIAL;1606404433029;LC0001;LC0001 FOCO SPOT DIRIGIBLE EMPOTRADO A CIELO 7W 3000K 220V;8300
1;COMERCIAL;1606404463822;LC0002;LC0002 FOCO SPOT DIRIGIBLE EMPOTRADO A CIELO 7W 4000K 220V;8300
1;COMERCIAL;1606404504349;LC0003;LC0003 FOCO SPOT DIRIGIBLE EMPOTRADO A CIELO 15W 3000K 220V;12000
1;COMERCIAL;1606489294532;LC0004;"LC0004 CONECTOR RIEL MONOFÁSICO ""I"" NEGRO 220V";1000
1;COMERCIAL;1606489423385;LC0005;"LC0005 CONECTOR RIEL MONOFÁSICO ""L"" NEGRO 220V";1000
1;COMERCIAL;1606489466992;LC0006;"LC0006 CONECTOR RIEL MONOFÁSICO ""T"" NEGRO 220V";1300
1;COMERCIAL;1606489513858;LC0007;"LC0007 CONECTOR RIEL MONOFÁSICO ""X"" NEGRO 220V";1700
1;COMERCIAL;1606489556325;LC0008;"LC0008 CONECTOR RIEL MONOFÁSICO ""I"" BLANCO 220V";1000
1;COMERCIAL;1606489591710;LC0009;"LC0009 CONECTOR RIEL MONOFÁSICO ""L"" BLANCO 220V";1000
1;COMERCIAL;1606489635049;LC0010;"LC0010 CONECTOR RIEL MONOFÁSICO ""T"" BLANCO 220V";1300
1;COMERCIAL;1606489720246;LC0011;LC0011 LUMINARIA PARA RIEL MONOFÁSICO BLANCO 20W 15° 3000K 220V φ90mm*H117mm;6900
1;COMERCIAL;1606490744984;LC0012;LC0012 LUMINARIA PARA RIEL MONOFÁSICO NEGRA GU10 220V NO INCLUYE AMPOLLETA;3000
1;COMERCIAL;1606489811406;LC0013;LC0013 LUMINARIA EMPOTRADA PARA GU10 BLANCO ABATIBLE IP20 220V NO INCLUYE AMPOLLETA;2100
1;COMERCIAL;1606920978551;LC0014;LC0014 RIEL MONOFÁSICO BLANCO 3 METRO 220V;10500
1;COMERCIAL;1606921013319;LC0015;LC0015 RIEL MONOFÁSICO NEGRO 3 METRO 220V;10500
1;COMERCIAL;1607100806587;LC0016;LC0016 RIEL MONOFASICO BLANCO 2 METRO 220V;5900
1;COMERCIAL;1607099452418;LC0017;LC0017 RIEL MONOFÁSICO BLANCO 1 METRO 220V;3200
1;COMERCIAL;1607099495652;LC0018;LC0018 RIEL MONOFÁSICO NEGRO 1 METRO 220V;3200
1;COMERCIAL;1607099927321;LC0023;LC0023 LUMINARIA RIEL MONOFÁSICO LED 30W CARCASA NEGRA 3000K IP20 220V DIMENSIONES ∅70*130mm;10500
1;COMERCIAL;1607100054827;LC0024;LC0024 LUMINARIA EMPOTRADA CIELO NEGRO 15W LED COB 4300K 220V DIRIGIBLE 24° Φφ119*H103mm;12000
1;COMERCIAL;1607100165130;LC0025;LC0025 FOCO SPOT DIRIGIBLE EMPOTRADO A CIELO, BISEL BLANCO, 25W LED COB SHARP, 3000°K, 220V, 24° DE;18900
1;COMERCIAL;1607716792801;LC0032;LC0032 PORTA AR111 EMPOTRADO TIPO PUZZLE DOBLE, MARCO BLANCO INTERIOR NEGRO 340x190x85mm x 0,5mm EXTERIOR, 305x155mm CORTE;9000
1;COMERCIAL;1609767826217;LC0034;LC0034 LUMINARIA PARA RIEL MONOFÁSICO BLANCO GU10 220V NO INCLUYE AMPOLLETA;3000
1;COMERCIAL;1609773747950;LC0035;LC0035 CONECTOR UNION 180º LINEAL PARA LAMPARA COLGANTE SERIE A12 42M ANCHO;1500
1;COMERCIAL;1609773825798;LC0036;LC0036 KIT PARA SOBREPONER LUMINARIA LINEAL;500
1;COMERCIAL;1609773865835;LC0037;LC0037 KIT DE PIOLAS PARA COLGAR LUMINARIA LINEAL / BASE COLOR GRIS;500
1;COMERCIAL;1610985313196;LC0038;LC0038 PANEL LINEAL EMBUTIDO LED 36W 3000K 220V IP20 CARCASA GRIS DIMENSIONES 1140*56*25MM;33900
1;COMERCIAL;1612204205521;LC0040;LC0040 LUMINARIA COLGANTE BUHO BLANCO NEGRO 1XE27 IP20 220V DIMENSIONES 28X26 CMS NO INCLUYE AMPOLLETA;19000
1;COMERCIAL;1612204260596;LC0041;LC0041 LUMINARIA COLGANTE BUHO BLANCO DORADO 1XE27 IP20 220V LUMINARIA COLGANTE BUHO BLANCO DORADO 1XE27 IP20 220V;19000
1;COMERCIAL;1612204364971;LC0042;LC0042 LUMINARIA COLGANTE MEET NEGRO 1XE27 IP20 220V DIMENSIONES 32X17 CMS NO INCLUYE AMPOLLETA;11000
1;COMERCIAL;1614017071233;LC0044;LC0044 LÁMPARA COLGANTE SLIM LED SMD 3000°K 40 WATTS, CARCASA COLOR GRIS, DIMENSIONES: 1226*20*94;29900
1;COMERCIAL;1614017129049;LC0045;LC0045 FOCO EMPOTRADO LED COB EPISTAR 30W TIPO CODO, 60°, 3000°K, 3300 LM, BASCULANTE, 220V, IP20,;16900
1;COMERCIAL;1615570856680;LC0050;LC0050 LÁMPARA COLGANTE SLIM LED SMD 4000°K 40 WATTS, CARCASA COLOR GRIS, DIMENSIONES: 1226*20*94;29000
1;COMERCIAL;1616776891040;LC0051;LC0051 FOCO A RIEL BLANCO MATE 1XGU10 MONOFÁSICO IP20 220V DIMENSIONES Ø60 X 140 MM;7500
1;COMERCIAL;1616776922155;LC0052;LC0052 FOCO A RIEL NEGRO MATE 1XGU10 MONOFÁSICO IP20 220V DIMENSIONES Ø60 X 140 MM;7500
1;COMERCIAL;1616776992092;LC0053;LC0053 MANGUERA LED SMD CHIP 5050, 120LED/MT RGB IP65 18W 220V FONDO BLANCO SE VENDE POR ROLLO 50 M;4500
1;COMERCIAL;1616777601113;LC0058;LC0058 PANEL LINEAL EMBUTIDO LED 36W 4000K 220V IP20 CARCASA GRIS DIMENSIONES 1140*56*25MM;33900
1;COMERCIAL;1616777679270;LC0059;LC0059 WASHBAR 24 LED SMD 3030, 24 WATTS, 3000°K, IP65, INTERCONECTABLE 3000K DMX512, 10X60º 220V,;53500
1;COMERCIAL;1616777759636;LC0060;LC0060 WASHBAR 24 LED SMD 3030, 24 WATTS, 3000°K, IP65, INDIVIDUAL 3000K DMX512, 10X60º 220V, 24W I;46900
1;COMERCIAL;1616778079789;LC0065;LC0065 PORTA AR111 EMPOTRADO TIPO PUZZLE SIMPLE, MARCO BLANCO INTERIOR NEGRO 190X190X85MM X 0,5MM EX;5900
1;COMERCIAL;1617726318580;LC0066;LC0066 LUMINARIA COLGANTE KAOTICS 60W 3000°K 220V COLOR NEGRO, 1500*1200;82900
1;COMERCIAL;1617726392254;LC0067;LC0067 LUMINARIA TIPO TORTUGA LED EXTERIOR 18W 3000K IP54 220V DIMENSIONES φ210x100;4900
1;COMERCIAL;1617726428774;LC0068;LC0068 LUMINARIA COLGANTE METAL NEGRO COMIC 1XE27 IP20 220V DIMENSIONES 41X39 CMS NO INCLUYE AMP;22900
1;COMERCIAL;1617726840593;LC0069;LC0069 LUMINARIA EMPOTRADA RECTANGULAR 2X20 WATTS, CHIP COB EPISTAR, 120°, 4000°K, 4800 LM, BASCUL;20900
1;COMERCIAL;1617826023657;LC0070;LC0070 MANGUERA LED SMD CHIP 5050, 120LED/MT 3000K IP65;70000
1;COMERCIAL;1618864298540;LC0097;LC0097 LUMINARIA COLGANTE GRIX GRIS 1XE27 IP20 220V DIMENSIONES 26X23 CMS NO INCLUYE AMPOLLETA;13500
1;COMERCIAL;1619620378816;LC0098;LC0098 FOCO EMPOTRADO LED COB EPISTAR 30W TIPO CODO, 60°, 3000°K, 3300 LM, BASCULANTE, 220V, IP20,;16900
1;COMERCIAL;1619620414070;LC0099;LC0099 FOCO EMPOTRADO LED COB EPISTAR 30W TIPO CODO, 60°, 4000°K, 3300 LM, BASCULANTE, 220V, IP20,;16900
1;COMERCIAL;1630599494322;LC0105;LC0105 FOCO TIPO PUZZLE EMPOTRADO CIELO GRIS 1XGU10 MÁX 50W DIMENSIONES 130*130*H90mm IP20 220V NO INCLUYE AMPOLLETA;5900
1;COMERCIAL;1619718607026;LC0106;LC0106 FOCO TIPO PUZZLE EMPOTRADO CIELO GRIS 2XGU10 MÁX 50W DIMENSIONES 230*130*H90mm IP20 220V;6500
1;COMERCIAL;1619718637207;LC0107;LC0107 LUMINARIA TIPO APLIQUÉ CIELO BOX BLANCO 1XAR111 G53 50W MÁX IP20 220V DIMENSIONES 132*132*120;26900
1;COMERCIAL;1619718684130;LC0108;LC0108 LUMINARIA TIPO APLIQUÉ CIELO HONEY I GRIS 1XGU10 50W MÁX IP20 220V DIMENSIONES 110*127*100MM;16900
1;COMERCIAL;1619718723725;LC0109;LC0109 LUMINARIA COLGANTE TAJ COOPER 1XE27 220V DIÁMETRO 30 CMS NO INCLUYE AMPOLLETA;41900
1;COMERCIAL;1620315436023;LC0114;LC0114 LÁMPARA SOBREPUESTA A CIELO JESSY 3XE27 NEGRO MADERA 220V  DIMENSIONES 1000*250*520MM;46900
1;COMERCIAL;1620315472960;LC0115;LC0115 LÁMPARA DE MESA VARELLA 1XE27 NEGRO DORADO IP20 220V DIMENSIONES 250*740* MM;32900
1;COMERCIAL;1620315505706;LC0116;LC0116 LÁMPARA DE PIE ELEGANT 1XE27 NEGRO/DORADO IP20 220V DIMENSIONES 398*1150 MM;49900
1;COMERCIAL;1620315586355;LC0117;LC0117 LÁMPARA DE PIE QARA 1XE27 METAL NEGRO Y VIDRIO IP20 220V DIMENSIONES 1530*250 MM;46900
1;COMERCIAL;1620315657358;LC0118;LC0118 FOCO SOBREPUESTO A CIELO O MURO BRONZE 2XGU10 IP20 220V DIMENSIONES 150 X 150 X H130 MM;17900
1;COMERCIAL;1620315686103;LC0119;LC0119 LÁMPARA DE PIE MAGNAX METAL NEGRO DORADO 1XE27 IP20 220V DIMENSIONES 500*1560 MM;59900
1;COMERCIAL;1620316949947;LC0120;LC0120 LÁMPARA DE MURO DRUM 1XE27 CAFÉ IP20 220V DIMENSIONES 300*120*150 MM;32900
1;COMERCIAL;1620315777163;LC0121;LC0121 LÁMPARA DE MESA DALY 1X E27 NEGRO METAL IP20 220V DIMENSIONES 350*665 MM;37900
1;COMERCIAL;1620315811146;LC0122;LC0122 LÁMPARA DE MURO GALLOW 1XE27 NEGRO Y MADERA IP20 220V;15900
1;COMERCIAL;1620315852740;LC0123;LC0123 LÁMPARA COLGANTE INDUSTRY 1XE27 ACRÍLICO/NEGRO IP20 220V DIMENSIONES 440*2000 MM;37900
1;COMERCIAL;1620315883982;LC0124;LC0124 APLIQUÉ CORKY CIELO/MURO 1XGU10 NEGRO BEIGE IP20 220V DIMENSIONES 82*100*160 MM;8900
1;COMERCIAL;1620315922273;LC0125;LC0125 LÁMPARA DE MURO DOME 1XE27 NEGRO VIDRIO IP20 220V DIMENSIONES 210*150*355 MM;22900
1;COMERCIAL;1620316010547;LC0126;LC0126 LÁMPARA SOBREPUESTA A CIELO COMBI 1XE27 TELA NEGRO IP20 220V DIMENSIONES 350*240 MM;22900
1;COMERCIAL;1620316041446;LC0127;LC0127 LÁMPARA DE PIE LANTERNA 1XE27 NEGRO DORADO IP20 220V DIMENSIONES 200*365*1405 MM;46900
1;COMERCIAL;1620316082685;LC0128;LC0128 FOCO SOBREPUESTO A CIELO GOLD 1XE27 DORADO IP20 220V DIMENSIONES 100*200 MM;8900
1;COMERCIAL;1620316115235;LC0129;LC0129 LÁMPARA DE PIE FABRIC 1XE27 NEGRO IP20 220V DIMENSIONES 500*1440 MM;96900
1;COMERCIAL;1620316148197;LC0130;LC0130 LÁMPARA SOBREPUESTA A CIELO DRUM LED 20W 2700K COLOR NEGRO IP20 220V DIMENSIONES 400*100MM;34900
1;COMERCIAL;1620316181880;LC0131;LC0131 FOCO SOBREPUESTO PLUMBER 1XE27 NEGRO IP20 220V DIMENSIONES 130*105 MM;15900
1;COMERCIAL;1622663760879;LC0145;LC0145 LÁMPARA COLGANTE MAGNAX 1XE27 NEGRO DORADO;32900
1;COMERCIAL;1624034316846;LC0146;LC0146 PANEL SLIM 3000K 36W±10%, 5630 AC100-240V 3600LM 1212*300*10mm 120° BORDE BLANCO;9990
1;COMERCIAL;1624034424601;LC0147;LC0147 PANEL SLIM 4300K 60W±10%, 5630 AC100-240V 6000LM 1212*603*10mm 120° BORDE BLANCO;19990
1;COMERCIAL;1624034493864;LC0148;LC0148 PANEL SLIM 90LED 4300K 36W±10%, 5630 AC100-240V 3600LM 603*603*11mm 120° BORDE BLANCO;9990
1;COMERCIAL;1628108642499;LC0149;LC0149 FOCO EMPOTRADO PARA GU10 ALUMINIO ABATIBLE COLOR BLANCO CONEXION PARA LOZA;3000
1;COMERCIAL;1628889095503;LC0150;LC0150 LUMINARIA COLGANTE FOREX NEGRO 1XE27 IP20 220V DIMENSIONES 18X32 CMS NO INCLUYE AMPOLLETA;22900
1;COMERCIAL;1628889239375;LC0151;LC0151 LUMINARIA COLGANTE PLID I METAL NEGRO 1XE27 IP20 220V DIMENSIONES 19X17 CMS NO INCLUYE AMPOLLETA;11900
1;COMERCIAL;1628889275893;LC0152;LC0152 LUMINARIA COLGANTE PLID II METAL NEGRO 1XE27 IP20 220V DIMENSIONES 27X29 CMS NO INCLUYE AMPOLLETA;14900
1;COMERCIAL;1628889390289;LC0154;LC0154 AMPOLLETA LED DE EMERGENCIA 7W 3000°K 560 LM 220V;3900
1;COMERCIAL;1628889422055;LC0155;LC0155 AMPOLLETA LED DE EMERGENCIA 7W 6000°K 560 LM 220V;3900
1;COMERCIAL;1629562251102;LC0156;LC0156 APLIQUÉ CUKY CIELO/MURO 2XGU10 NEGRO BEIGE IP20 220V DIMENSIONES 100*276*200 MM NO INCLUYE AMPOLLETA;17900
1;COMERCIAL;1629562289990;LC0157;LC0157 APLIQUÉ CUKY CIELO 3XGU10 NEGRO BEIGE IP20 220V DIMENSIONES 270*160 MM NO INCLUYE AMPOLLETA;22900
1;COMERCIAL;1629562338494;LC0158;LC0158 APLIQUÉ CUKY CIELO/MURO 4XGU10 NEGRO BEIGE IP20 220V DIMENSIONES 715*100*186 MM NO INCLUYE AMPOLLETA;32900
1;COMERCIAL;1629562373260;LC0159;LC0159 LÁMPARA DE MESA VARELA PANTALLA GRIS Y BASE COLOR COBRE 1XE27 IP20 220V DIMENSIONES 350*665 M NO INCLUYE AMPOLLETA;31900
1;COMERCIAL;1629562415540;LC0160;LC0160 FOCO SOBREPUESTO A CIELO O MURO BRONZE 3XGU10 IP20 220V DIMENSIONES 230 X 230 X H130 MM NO INCLUYE AMPOLLETA;24900
1;COMERCIAL;1629562452396;LC0161;LC0161 LÁMPARA A MURO LARGEX 1XE27 BLANCO DORADO Y LED 1W FLEXIBLE 3000K IP20 220V DIMENSIONES 150*1 NO INCLUYE AMPOLLETA;24900
1;COMERCIAL;1629562513399;LC0162;LC0162 LÁMPARA SOBREPUESTA A CIELO FACILE 6XE27 COLOR NEGRO IP20 220V DOMENSIONES 1500*1200MM NO INCLUYE AMPOLLETA;31900
1;COMERCIAL;1629562549405;LC0163;LC0163 LÁMPARA COLGANTE OXID 1XE27 CAFÉ IP20 220V DIMENSIONES 415*1400 MM NO INCLUYE AMPOLLETA;47900
1;COMERCIAL;1629562583693;LC0164;LC0164 LÁMPARA DE MURO ELISSA 1XE27 NEGRO/DORADO IP20 220V DIMENSIONES 225*245 MM NO INCLUYE AMPOLLETA;21900
1;COMERCIAL;1629562619601;LC0165;LC0165 LÁMPARA COLGANTE GREY 1XE27 GRIS IP20 220V DIMENSIONES 500*460 MM NO INCLUYE AMPOLLETA;72900
1;COMERCIAL;1629562653322;LC0166;LC0166 LÁMPARA COLGANTE RONDY 1XE27 NEGRO BRILLANTE IP20 220V DIMENSIONES 380*1200 MM NO INCLUYE AMPOLLETA;60900
1;COMERCIAL;1629562689724;LC0167;LC0167 LÁMPARA DE PIE STUDIO 1XE27 NEGRO/DORADO IP20 220V DIMENSIONES 340*1600 MM NO INCLUYE AMPOLLETA;75900
1;COMERCIAL;1630680083732;LC0168;LC0168 LÁMPARA COLGANTE SHOVY 1XE27 BLANCO/CROMO IP20 220V DIMENSIONES 370*380 MM NO INCLUYE AMPOLLETA;27500
1;COMERCIAL;1630680120837;LC0169;LC0169 FOCO EMPOTRADO A CIELO ABATIBLE 1XGU10 ALUMINIO IP20 220V DIMENSIONES 92*24MM NO INCLUYE AMPOLLETA;3900
1;COMERCIAL;1630680149231;LC0170;LC0170 FOCO EMPOTRADO LENSY 15X2W, 3000°K, 2700LM, 45° DE APERTURA, IP20, BISEL BLANCO, 220V DIMENS;46900
1;COMERCIAL;1630680267967;LC0171;LC0171 FOCO LED SPOT 1W 3000K 80LM 36° DE APERTURA IP20 COLOR NEGRO 220V DIMENSIONES 55*30 MM;3900
1;COMERCIAL;1630680302954;LC0172;LC0172 LUMINARIA COLGANTE ARO LED 31W 3000K BLANCO DIMENSIONES 600*1200MM IP20 220V ILUMINACIÓN INTE;101900
1;COMERCIAL;1630680328778;LC0173;LC0173 LUMINARIA COLGANTE ARO LED 36W 3000K BLANCO DIMENSIONES 600*1200MM IP20 220V;59900
1;COMERCIAL;1630680364017;LC0174;LC0174 LUMINARIA COLGANTE ARO LED 36W 3000K NEGRO DIMENSIONES 600*1200MM IP20 220V ILUMINACIÓN VERTI;105900
1;COMERCIAL;1630680394059;LC0175;LC0175 LUMINARIA COLGANTE ARO LED 40W 3000K BLANCO DIMENSIONES 800*1200MM IP20 220V;66900
1;COMERCIAL;1631800270947;LC0176;LC0176 GUIRNALDA EXTERIOR 15 METROS IP65 COLOR NEGRO 220V INCLUYE 16 AMPOLLETAS LED FILAMENTO E27;40900
1;COMERCIAL;1614979393086;LIQ025;LIQ025 LUMINARIA PUBLICA 100W;25000
1;COMERCIAL;1614960583729;LIQ05;LIQ05 PANEL PARA CIELO AMERICANO 60X60;5000
1;COMERCIAL;1604433690204;P010001;P010001 AMPOLLETA PHILIPS LED E27 A60 BLANCA EMPAVONADA 7-60W 3000K 220V;1100
1;COMERCIAL;1604433718491;P010002;P010002 AMPOLLETA PHILIPS LED E27 A60 BLANCA EMPAVONADA 7-60W 6500K 220V;1100
1;COMERCIAL;1604433752022;P010003;P010003 AMPOLLETA PHILIPS LED E27 A60 BLANCA EMPAVONADA 10-70W 3000K 220V;1300
1;COMERCIAL;1604433779971;P010004;P010004 AMPOLLETA PHILIPS LED E27 A60 BLANCA EMPAVONADA 10-70W 5500K 220V;1300
1;COMERCIAL;1604433818071;P010005;P010005 AMPOLLETA PHILIPS LED E27 A60 BLANCA EMPAVONADA 12-95W 3000K 220V;1500
1;COMERCIAL;1604433842973;P010006;P010006 AMPOLLETA PHILIPS LED E27 A60 BLANCA EMPAVONADA 12-95W 5500K 220V;1500
1;COMERCIAL;1604433873892;P010007;P010007 DICROICO PHILIPS LED 3,8-50W 400LM GU10 36D NO DIMEABLE 2700K CRI80 220V;1300
1;COMERCIAL;1606326722431;P010008;P010008 Proyector Area Philips 10 Watts Luz Fria 5700k Bvp090;7000
1;COMERCIAL;1606327157650;P010009;P010009 Proyector Area Philips 20 Watts Luz Fria 5700k Bvp090;11000
1;COMERCIAL;1606327318098;P010010;P010010 Proyector Area Philips 30 Watts Luz Fria 5700K Bvp092;13500
1;COMERCIAL;1606327407645;P010011;P010011 Proyector Area Philips 50 Watts Luz Fria 5700K Bvp093;23000
1;COMERCIAL;1616437119657;P010025;P010025 AMPOLLETA PHILIPS GLOBO G120 2700K VIDRIOAMBAR 7W-50W 220V;6900
1;COMERCIAL;1621534339654;P010027;P010027 AMPOLLETA PHILIPS LED SCENESWITCH FRÍO/CÁLIDO E27 BLANCA EMPAVONADA 9,5-70W 3000 Y 6500K A60;3900
1;COMERCIAL;1624632000087;P010028;P010028 AMPOLLETA PHILIPS LED SCENESWITCH P45 2STEPS E27 65W 3000°K;3500
1;COMERCIAL;1624632040155;P010029;P010029 AMPOLLETA FILAMENTO LED PHILIPS VIDRIO 6-60W A60 E27 2700K 220V;3500
1;COMERCIAL;1624632069364;P010030;P010030 AMPOLLETA FILAMENTO LED PHILIPS VELA E14 2700K 4-40W 220V;3500
1;COMERCIAL;1624632100412;P010031;P010031 AMPOLLETA PHILIPS LED BIPIN G9 2,5W-25W 2700K 220V;3900
1;COMERCIAL;1624632145031;P010032;P010032 PACK DE 3 AMPOLLETAS PHILIPS LED E27 4W 3000°K 220V;2900
1;COMERCIAL;1624632191724;P010033;P010033 PACK DE 3 AMPOLLETAS PHILIPS LED E27 4W 6500°K 220V;2900
1;COMERCIAL;1624632224774;P010034;P010034 PACK DE 2 AMPOLLETAS PHILIPS LED E27 4W 3000°K 220V;2000
1;COMERCIAL;1624632261910;P010035;P010035 PACK DE 2 AMPOLLETAS PHILIPS LED E27 4W 6500°K 220V;2000
1;COMERCIAL;1624632305206;P010036;P010036 AMPOLLETA FILAMENTO LED PHILIPS VIDRIO 40W P45 E27 2700K 220V;3900
1;COMERCIAL;1624632336901;P010037;P010037 LUMINARIA LINEAL LED PHILIPS 3W 30 CMS 3000K 220V INCLUYE PIEZA DE UNIÓN;3900
1;COMERCIAL;1624632369184;P010038;P010038 LUMINARIA LINEAL LED PHILIPS 6W 60 CMS 3000K 220V INCLUYE PIEZA DE UNIÓN;4900
1;COMERCIAL;1624632409781;P010039;P010039 LUMINARIA LINEAL LED PHILIPS 9W 90 CMS 3000K 220V INCLUYE PIEZA DE UNIÓN;5900
1;COMERCIAL;1624632441588;P010040;P010040 LUMINARIA LINEAL LED PHILIPS 9W 90 CMS 4000K 220V INCLUYE PIEZA DE UNIÓN;5900
1;COMERCIAL;1624632473464;P010041;P010041 LUMINARIA LINEAL LED PHILIPS 12W 120 CMS 3000K 220V INCLUYE PIEZA DE UNIÓN;6900
1;COMERCIAL;1624632504557;P010042;P010042 LUMINARIA LINEAL LED PHILIPS 12W 120 CMS 4000K 220V INCLUYE PIEZA DE UNIÓN;6900
1;COMERCIAL;1627659873696;P010043;P010043 DICROICO LED PHILIPS ESSENTIAL GU10 3,8W-50W, 6500°K, 36° 220V;1300
1;COMERCIAL;1629562201880;P010044;P010044 DICROICO LED GU10 PHILIPS 7W, 2700°K, 36° DE APERTURA, 650LM, CRI90, DIMEABLE, 220V;4900
1;COMERCIAL;1630690739733;P010047;P010047 DICROICO LED GU10 PHILIPS 7W, 4000°K, 36° DE APERTURA, 650LM, CRI90, DIMEABLE, 220V;4900
1;COMERCIAL;1631728458476;P010048;P010048 CAMPANA UFO RECTANGULAR PHILIPS GREEN UP HIGHBAY 100W 4000°K 90° DE APERTURA;49900
1;COMERCIAL;1631728492352;P010049;P010049 LUMINARIA LED VIAL PHILIPS 150W, 5700°K (BLANCO FRÍO), IP66, IK08, 220V, 15500 LM, 100000;87900
1;COMERCIAL;1631728523546;P010050;P010050 PROYECTOR LED PROFESIONAL PHILIPS TANGO BVP382 150W WW (BLANCO CÁLIDO) 220V;119900
1;COMERCIAL;1628889493996;T010019;T010019 DICROICO WIFI GU10 7W 520LM 230V CRI80 2700~6500K, 38°;5900
1;COMERCIAL;1628889527960;T010020;T010020 PLAFÓN LED CIRCULAR LED 20W 3000°K 24 CMS IP54 220V BORDE NEGRO;11900
1;COMERCIAL;1628889648852;T010021;T010021 APLIQUÉ A CIELO BLANCO 1XGU10 ABATIBLE 85*85*95 MM IP20 220V NO INCLUYE AMPOLLETA;5900
1;COMERCIAL;1628889793977;T010022;T010022 APLIQUÉ A CIELO GRIS 1XGU10 ABATIBLE 85*85*95 MM IP20 220V NO INCLUYE AMPOLLETA;5900
1;COMERCIAL;1628889845064;T010023;T010023 APLIQUÉ A CIELO BLANCO 1XGU10 ABATIBLE 105*105*130 MM IP20 220V NO INCLUYE AMPOLLETA;8900
1;COMERCIAL;1628889877183;T010024;T010024 APLIQUÉ A CIELO GRIS 1XGU10 ABATIBLE 105*105*130 MM IP20 220V NO INCLUYE AMPOLLETA;8900
2;INDUSTRIAL;1600262805508;D1000001;D1000001 LUMINARIA LED TIPO ESTANCO LINEAL 36W 3000K 4000LM IP65 IK08 T° DE TRABAJO -20 A 40℃ 200-240V DIMENSIONES 1200*76*66;10500
2;INDUSTRIAL;1600262879300;D1000002;D1000002 LUMINARIA LED TIPO ESTANCO LINEAL 36W 4000K 4300LM IP65 IK08 T° DE TRABAJO -20 A 40℃ 200-240V DIMENSIONES 1200*76*66;10500
2;INDUSTRIAL;1603138442597;D1000003;D1000003 LUMINARIA TIPO ESTANCO POLICARBONATO SOBREPUESTA VACÍA PARA TUBO T8 LED 220V IP65 DIMENSIONES 666*68*58MM;3500
2;INDUSTRIAL;1600262990843;D1000004;D1000004 LUMINARIA TIPO ESTANCO POLICARBONATO SOBREPUESTA VACÍA PARA TUBO T8 LED 220V IP65 DIMENSIONES 1276*68*58;5500
2;INDUSTRIAL;1603138251718;D1000005;D1000005 LUMINARIA TIPO ESTANCO POLICARBONATO SOBREPUESTA VACÍA PARA TUBO T8 LED 220V IP65 DIMENSIONES 666*68*58MM;4500
2;INDUSTRIAL;1600263085139;D1000006;D1000006 LUMINARIA TIPO ESTANCO POLICARBONATO SOBREPUESTA VACÍA PARA DOS TUBOS T8 LED 220V IP65 DIMENSIONES 1276*96*58;6500
2;INDUSTRIAL;1600263193738;D1000007;D1000007 LUMINARIA TIPO ESTANCO PS SOBREPUESTA VACÍA PARA TUBO T8 LED 220V IP65 DIMENSIONES 666*68*58MM;3200
2;INDUSTRIAL;1600263263935;D1000008;D1000008 LUMINARIA TIPO ESTANCO PS SOBREPUESTA VACÍA PARA TUBO T8 LED 220V IP65 DIMENSIONES 1276*68*58;4600
2;INDUSTRIAL;1600263339835;D1000009;D1000009 LUMINARIA TIPO ESTANCO PS SOBREPUESTA VACÍA PARA DOS TUBOS T8 LED 220V IP65 DIMENSIONES 666*96*59;4000
2;INDUSTRIAL;1600263405097;D1000010;D1000010 LUMINARIA TIPO ESTANCO PS SOBREPUESTA VACÍA PARA DOS TUBOS T8 LED 220V IP65 DIMENSIONES 1276*96*59;5500
2;INDUSTRIAL;1604431011716;D1010052;D1010052 CAMPANA INDUSTRIAL UFO 100W 4000K 12000LM IP65 220V;28500
2;INDUSTRIAL;1604431056329;D1010053;D1010053 CAMPANA INDUSTRIAL UFO 150W 4000K 24000LM IP65 220V;39900
2;INDUSTRIAL;1604431100499;D1010054;D1010054 CAMPANA INDUSTRIAL UFO 200W 4000K 24000LM IP65 220V;51600
2;INDUSTRIAL;1604498927722;D1010080;D1010080 CAMPANA INDUSTRIAL UFO 100W 4300K 11000LM Ø237xH90MM 110LM/W 170-265V;27900
2;INDUSTRIAL;1619110892416;D1010083;D1010083 CAMPANA INDUSTRIAL UFO 150W 6000K 16500LM Ø300xH96MM 110LM/W 170-265V;33900
2;INDUSTRIAL;1619110926583;D1010084;D1010084 CAMPANA INDUSTRIAL UFO 200W 4300K 22000LM Ø360xH96MM 110LM/W 170-265V;47900
2;INDUSTRIAL;1619110955102;D1010085;D1010085 CAMPANA INDUSTRIAL UFO 200W 6000K 22000LM Ø360xH96MM 110LM/W 170-265V;47900
2;INDUSTRIAL;1619110994899;D1010086;D1010086 CAMPANA INDUSTRIAL UFO PRO 100W 4300K 13000LM Ø260xH147MM 130LM/W 170-265V;33900
2;INDUSTRIAL;1619111024927;D1010087;D1010087 CAMPANA INDUSTRIAL UFO PRO 100W 6000K 13000LM Ø260xH147MM 130LM/W 170-265V;33900
2;INDUSTRIAL;1619111058971;D1010088;D1010088 CAMPANA INDUSTRIAL UFO PRO 150W 4300K 19500LM Ø300xH147MM 130LM/W 170-265V;45900
2;INDUSTRIAL;1619111084204;D1010089;D1010089 CAMPANA INDUSTRIAL UFO PRO 150W 6000K 19500LM Ø300xH147MM 130LM/W 170-265V;45900
2;INDUSTRIAL;1619111125863;D1010090;D1010090 CAMPANA INDUSTRIAL UFO PRO 200W 4300K 26000LM Ø350xH150MM 130LM/W 170-265V;59900
2;INDUSTRIAL;1619111150001;D1010091;D1010091 CAMPANA INDUSTRIAL UFO PRO 200W 6000K 26000LM Ø350xH150MM 130LM/W 170-265V;59900
2;INDUSTRIAL;1618424219662;LC0071;LC0071 CAMPANA INDUSTRIAL UFO 100W 4000K 12000LM IP65 220V;26900
2;INDUSTRIAL;1618424382779;LC0072;LC0072 CAMPANA INDUSTRIAL UFO 150W 4000K 18000LM IP65 220V;37900
2;INDUSTRIAL;1618424433753;LC0073;LC0073 CAMPANA INDUSTRIAL UFO 200W 4000K 24000LM IP65 220V;49900
2;INDUSTRIAL;1619620585338;LC0102;LC0102 LUMINARIA EMPOTRADA A PISO LED 6W COB D120*H90mm 3000K 200V IP67;14900
2;INDUSTRIAL;1619620620887;LC0103;LC0103 LUMINARIA EMPOTRADA A PISO LED 10W COB D150*H90MM 3000K 220V IP67;20000
2;INDUSTRIAL;1619620659195;LC0104;LC0104 LUMINARIA EMPOTRADA A PISO LED 20W COB D180*H90MM 3000K 220V IP67;23900
2;INDUSTRIAL;1619726949058;LC0110;LC0110 LUMINARIA PÚBLICA LED 30W CHIP PHILIPS 3030 4000K 4800LM CRI70 90-305V COLOR NEGRO;60000
2;INDUSTRIAL;1619726977645;LC0111;LC0111 LUMINARIA PÚBLICA LED 90W CHIP PHILIPS 3030 4000K 14000LM CRI70 90-305V COLOR NEGRO DRIVER ME;60000
2;INDUSTRIAL;1619727006165;LC0112;LC0112 LUMINARIA PÚBLICA LED 120W CHIP PHILIPS 3030 4000K 18000LM CRI70 90-305V COLOR NEGRO DRIVER M;60000
2;INDUSTRIAL;1619727036648;LC0113;LC0113 LUMINARIA PÚBLICA LED 180W CHIP PHILIPS 3030 4000K 27500LM CRI70 90-305V COLOR NEGRO DRIVER M;60000
2;INDUSTRIAL;1615222442669;LIQ120;LIQ120 LUMINARIA PUBLICA 120W;30000
2;INDUSTRIAL;1615393570726;LIQ15;LIQ15 LUMINARIA PUBLICA 50W;15000
2;INDUSTRIAL;1615222479629;LIQ150;LIQ150 LUMINARIA PUBLICA 150W;35000
2;INDUSTRIAL;1614889914719;LIQ20;LIQ20 LUMINARIA PUBLICA 80W 220V;20000
2;INDUSTRIAL;1616001360993;LIQ200;LIQ200 LUMINARIA PUBLICA 200W;45000
2;INDUSTRIAL;1615395597170;LIQ25;LIQ25 LUMINARIA PUBLICA 100W;25000
2;INDUSTRIAL;1619805141931;P010026;P010026 PROYECTOR MINI LED ESSENTIAL PHILIPS 10W, 6500°K, 220V, IP65, 30000 HRS DE VIDA;4900
3;LAMPARA LED;1605629093579;D1010082;D1010082 CAMPANA INDUSTRIAL UFO 150W 4300K 16500LM Ø300xH96MM 110LM/W 170-265V 220V;33900
3;LAMPARA LED;1623792640559;D1010092;D1010092 CANOA LED ECO 18W 3000K 1620LM 600MM 220V;1900
3;LAMPARA LED;1623792681040;D1010093;D1010093 CANOA LED ECO 18W 6000K 1620LM 600MM 220V;3000
3;LAMPARA LED;1623792723424;D1010094;D1010094 CANOA LED ECO 36W 3000K 3240LM 1200MM 220V;3000
3;LAMPARA LED;1623792767209;D1010095;D1010095 CANOA LED ECO 36W 6000K 3240LM 1200MM 220V;3000
3;LAMPARA LED;1623792815667;D1010096;D1010096 CANOA LED PRO 30W 3000K 2700LM 600MM 220V;3000
3;LAMPARA LED;1623792852632;D1010097;D1010097 CANOA LED PRO 30W 6000K 2700LM 600MM 220V;3000
3;LAMPARA LED;1623792885934;D1010098;D1010098 CANOA LED PRO 54W 3000K 4860LM 1200MM 220V;4700
3;LAMPARA LED;1623792925608;D1010099;D1010099 CANOA LED PRO 54W 6000K 4860LM 1200MM 220V;4700
3;LAMPARA LED;1619210274567;D1010100;D1010100 EMBUTIDO PISO LED COB 1W 3000K 70LM/W I65x75MM IP67 220V;5900
3;LAMPARA LED;1619210325936;D1010101;D1010101 EMBUTIDO PISO LED COB 3W 3000K 70LM/W ⌀65x75MM IP67 220V;7900
3;LAMPARA LED;1625608084112;D1010103;D1010103 EMBUTIDO PISO LED COB 15W 3000K 70LM/W ⌀130x90MM IP67 220V;16900
3;LAMPARA LED;1625607444968;D1010182;D1010182 APLIQUÉ A MURO 7W 3000°K IP44 220V DIMENSIONES 95*104*H80mm;8900
3;LAMPARA LED;1625607476626;D1010183;D1010183 APLIQUÉ A MURO 14W 3000°K IP44 220V DIMENSIONES 95*104*H134mm;11900
3;LAMPARA LED;1625607518091;D1010184;D1010184 FOCO EMPOTRADO A MURO LED 3W 3000°K IP54 220V DIMENSIONES 58*58 MM;4900
3;LAMPARA LED;1625607754002;D1010185;D1010185 FOCO EMPOTRADO A MURO LED 3W 3000°K IP54 220V DIMENSIONES 85*85 MM;5900
3;LAMPARA LED;1625607914932;D1010188;D1010188 FOCO EMPOTRADO A MURO LED 6W 3000°K IP54 220V DIMENSIONES 210*60*H55 MM;12900
3;LAMPARA LED;1625607953465;D1010189;D1010189 BOLLARD LED 7W 3000°K IP54 220V GRIS OSCURO DIMENSIONES 100*100*H600mm;25900
3;LAMPARA LED;1623171200211;D1010196;D1010196 LUMINARIA LED SOLAR 20W 6500K IP65 395*475*64;22900
3;LAMPARA LED;1614023017747;D1070006;D1070006 AMPOLLETA LED 9W A60 2700-6500K SMART WIFI & BLUETOOTH 806LM 220V;5900
3;LAMPARA LED;1614023063115;D1070007;D1070007 AMPOLLETA LED 9W A60 RGB Y BLANCO SMART WIFI & BLUETOOTH 806LM 220V;6500
3;LAMPARA LED;1614023116983;D1070008;D1070008 AMPOLLETA DICROICA LED 5W 3000K GU10 SMART WIFI & BLUETOOTH 400LM 220V;5500
3;LAMPARA LED;1614023163450;D1070009;D1070009 AMPOLLETA DICROICA LED 5W 2700-6500K GU10 SMART WIFI & BLUETOOTH 400LM 220V;5900
3;LAMPARA LED;1614023202962;D1070010;D1070010 AMPOLLETA DICROICA LED 5W RGB Y BLANCOS GU10 SMART WIFI & BLUETOOTH 400LM 220V;6500
3;LAMPARA LED;1617893526120;D1090001;D1090001 LAMPARA COLGANTE LED SMD 3000K 18W CARCASA NEGRA DIMENSIONES 600*50*70MM INDIVIDUAL 1400LM;33900
3;LAMPARA LED;1617893559396;D1090002;D1090002 LAMPARA COLGANTE LED SMD 4000K 18W CARCASA NEGRA DIMENSIONES 600*50*70MM INDIVIDUAL 1400LM;33900
3;LAMPARA LED;1617893599243;D1090003;D1090003 LAMPARA COLGANTE LED SMD 3000K 36W CARCASA NEGRA DIMENSIONES 1200*50*70MM INDIVIDUAL 2800L;39900
3;LAMPARA LED;1617893634107;D1090004;D1090004 LAMPARA COLGANTE LED SMD 4000K 36W CARCASA NEGRA DIMENSIONES 1200*50*70MM INDIVIDUAL 2800L;39900
3;LAMPARA LED;1607716461555;LC0028;LC0028 LUMINARIA COLGANTE CUPID NEGRO DORADO 1XE27 IP20 220V DIMENSIONES 35X25 CMS NO INCLUYE AMPOLLETA;12900
3;LAMPARA LED;1607716558505;LC0029;LC0029 LUMINARIA COLGANTE BEMEMO NEGRO DORADO 1XE27 IP20 220V DIMENSIONES 17X38 CMS NO INCLUYE AMPOLLETA;12900
3;LAMPARA LED;1607716650088;LC0030;LC0030 LUMINARIA COLGANTE LIHAO BLANCO 1XE27 IP20 220V DIMENSIONES 27X25 CMS NO INCLUYE AMPOLLETA;14900
3;LAMPARA LED;1607716705682;LC0031;LC0031 LUMINARIA COLGANTE PAJOMA NEGRO 1XE27 IP20 220V DIMENSIONES 26X23 CMS NO INCLUYE AMPOLLETA;13500
3;LAMPARA LED;1609767766707;LC0033;LC0033 LAMPARA COLGANTE LED SMD 3000K 36W CARCASA GRIS DIMENSIONES 1135*42*65MM INDIVIDUAL;29900
3;LAMPARA LED;1613748046497;LC0043;LC0043 LUMINARIA COLGANTE CONÉ METAL NEGRO 1XE27 IP20 220V DIMENSIONES 33 CMS NO INCLUYE AMPOLLETA;11000
3;LAMPARA LED;1614604149422;LC0048;LC0048 LUMINARIA COLGANTE ARO LED 56W 3000K BLANCO DIMENSIONES 1000*1200MM IP20 220V;79900
3;LAMPARA LED;1614874947195;LC0049;LC0049 LUMINARIA COLGANTE TD NEGRO DORADO 1XE27 IP20 220V DIMENSIONES 17X38 CMS NO INCLUYE AMPOLLET;12900
3;LAMPARA LED;1621699544702;LC0135;LC0135 LÁMPARA DE PIE PLUMBER 1XE27 GRIS IP20 220V DIMENSIONES 310*1600 MM NO INCLUYE AMPOLLETA;74900
3;LAMPARA LED;1621699586921;LC0136;LC0136 LÁMPARA A MURO SHINY 1XE27 BLANCO/CROMO IP20 220V DIMENSIONES 320*230*270 MM NO INCLUYE AMPOLLETA;32900
3;LAMPARA LED;1621699633897;LC0137;LC0137 FOCO SOBREPUESTO A CIELO/MURO WOOD 2 2XGU10 GRIS IP20 220V DIMENSIONES 180*270*110 MM NO INCLUYE AMPOLLETA;37900
3;LAMPARA LED;1621699674015;LC0138;LC0138 LÁMPARA DE MESA LEONOR PANTALLA GRIS Y BASE COLOR COBRE 1XE27 IP20 220V DIMENSIONES 350*665 M NO INCLUYE AMPOLLETA;32900
3;LAMPARA LED;1621699712286;LC0139;LC0139 LÁMPARA DE MESA STEPH 1XE27 COLOR METAL IP20 220V DIMENSIONES 150*185*490 MM NO INCLUYE AMPOLLETA;17900
3;LAMPARA LED;1621699749131;LC0140;LC0140 LÁMPARA DE MESA LEONOR 1XE27 NEGRO DORADO IP20 220V DIMENIONES 350*665 MM NO INCLUYE AMPOLLETA;32900
3;LAMPARA LED;1621699781887;LC0141;LC0141 LÁMPARA DE PIE NATURAL PINK MADERA Y ROSADO IP20 220V DIMENSIONES 500*1450 MM NO INCLUYE AMPOLLETA;71900
3;LAMPARA LED;1621699815978;LC0142;LC0142 LÁMPARA DE PIE CHAPPIE METAL NEGRO 1XE27 IP20 220V DIMENSIONES 300*1380 MM NO INCLUYE AMPOLLETA;47900
3;LAMPARA LED;1621699857128;LC0143;LC0143 LÁMPARA A MURO CUPY 1XE14 GRIS MADERA IP20 220V DIMENSIONES 150*186*216 MM NO INCLUYE AMPOLLETA;17900
3;LAMPARA LED;1621699895382;LC0144;LC0144 LÁMPARA DE MURO GOLD SWITCH 1XE27 DORADO IP20 220V DIMENSIONES 110*150*170 MM NO INCLUYE AMPOLLETA;9900
3;LAMPARA LED;1628889344444;LC0153;LC0153 LUMINARIA DE PIE BLIXMARM TIPO ARCO METAL 1XE27 220V;138900
3;LAMPARA LED;1623186485877;LIQ01;LIQ01 PRODUCTO LIQUIDACION;1000
3;LAMPARA LED;1606923751403;P010012;P010012 AMPOLLETA PHILIPS TFORCE CORE HB 40W 6500K 3600LM E27;5900
3;LAMPARA LED;1606924156929;P010016;P010016 LUMINARIA DE MESA PINE BLANCA 1XE27 220V IP20 NO INCLUYE AMPOLLETA;8000
3;LAMPARA LED;1606924412400;P010019;P010019 LUMINARIA EMPOTRADA ESSCUS SPOT LED 4000K 5W 84cm 350Lm 220V;3500
3;LAMPARA LED;1630077216334;P010045;P010045 LUMINARIA LED PHILIPS PROFESIONAL MODELO SMARTBRIGHT ROAD 140W, 4000°K, 14000LM, IP66;89900
3;LAMPARA LED;1630077286675;P010046;P010046 LUMINARIA PÚBLICA LED PHILIPS MODELO PAGODA BDP461 100W, 10000LM, 4000°K, IP65, IK08;189900
3;LAMPARA LED;1622753481546;T010001;T010001 AOLIQUE A MURO X5 G9 DE VIDRIO RECTANGULAR;27900
3;LAMPARA LED;1622753511493;T010002;T010002 APLIQUE A MURO LED INTEGRADO REDONDO X3 15W 4000K 539MMX130X135MM;25900
3;LAMPARA LED;1622753540023;T010003;T010003 APLIQUE A MURO LED INTEGRADO REDONDO X5 25W 4000K 8500MMX130X135MM;42900
3;LAMPARA LED;1622753572965;T010004;T010004 APLIQUE A MURO LED INTEGRADO X3 CUADRADO 15W 6000K 530MMX130X85MM;30900
3;LAMPARA LED;1622753604620;T010005;T010005 APLIQUE A MURO LED INTEGRADO CUADRADO X5 25W 6000K 850MMX130X85MM;48900
3;LAMPARA LED;1622753633070;T010006;T010006 APLIQUE A MURO 12W 4000K 220V 415MMX110MMX95MM;15900
3;LAMPARA LED;1623099673698;T010007;T010007 APLIQUE A MURO X4 G9 DE VIDRIO RECTANGULAR;27900
3;LAMPARA LED;1623099716160;T010008;T010008 LAMPARA LED Vanitorio 3x6W;32900
3;LAMPARA LED;1623099750542;T010009;T010009 APLIQUE LED Muro 3W NEGRO;18900
3;LAMPARA LED;1623099790046;T010010;T010010 APLIQUE LED Muro 3W NEGRO;18900
3;LAMPARA LED;1623099861886;T010011;T010011 LAMPARA LED Vanitorio Lineal 21W;27900
3;LAMPARA LED;1623099909036;T010012;T010012 APLIQUE LED Muro 3W Negro;27900
3;LAMPARA LED;1623099943829;T010013;T010013 APLIQUE LED Muro 3W BLANCO;27900
3;LAMPARA LED;1623099996304;T010014;T010014 APLIQUE LED Moon 3W Gris;11900
3;LAMPARA LED;1623100029911;T010015;T010015 LAMPARA LED 20W Exterior;8900
3;LAMPARA LED;1623100060756;T010016;T010016 LAMPARA LED WiFi (2-pack);10900
4;PANEL LED;1600129974048;D1010001;D1010001 PANEL SLIM REDONDO 6W, SMD 2835, Φ120*12mm, 3000K, 450LM 180° NO DIMEABLE AC85-265V IP20;2300
4;PANEL LED;1600175938540;D1010002;D1010002 PANEL SLIM REDONDO 6W, SMD 2835, Φ120*12mm, 4000K, 450LM 180°, NO DIMEABLE AC85-265V NO DIMEABLE AC85-265V IP20;2300
4;PANEL LED;1600176046417;D1010003;D1010003 PANEL SLIM REDONDO 6W, SMD 2835, Φ120*12mm, 6000K, 450LM 180° NO DIMEABLE AC85-265V IP20;2300
4;PANEL LED;1604429823138;D1010004;D1010004 PANEL SLIM REDONDO 12W, SMD 2835, Φ170*12mm, 3000K, 900LM 180° NO DIMEABLE AC85-265V IP20;4000
4;PANEL LED;1604429891625;D1010005;D1010005 PANEL SLIM REDONDO 12W, SMD 2835, Φ170*12mm, 4000K, 900LM 180° NO DIMEABLE AC85-265V IP20;2500
4;PANEL LED;1604429930588;D1010006;D1010006 PANEL SLIM REDONDO 12W, SMD 2835, Φ170*12mm, 5500K, 900LM 180° NO DIMEABLE AC85-265V IP20;2500
4;PANEL LED;1600176489728;D1010007;D1010007 PANEL SLIM REDONDO 18W , SMD 2835, Φ225*12mm, 3000K, 1250LM 180° NO DIMEABLE AC85-265V IP20;1900
4;PANEL LED;1600176520611;D1010008;D1010008 PANEL SLIM REDONDO 18W , SMD 2835, Φ225*12mm, 4000K, 1250LM 180° NO DIMEABLE AC85-265V IP20;4700
4;PANEL LED;1603136320035;D1010009;D1010009 PANEL SLIM REDONDO 18W , SMD 2835, Φ225*12MM, 5500K, 1250LM 180°, NO DIMEABLE AC85-265V;4700
4;PANEL LED;1603136752224;D1010010;D1010010 PANEL SLIM REDONDO 24W , SMD 2835, Φ300*12MM, 3000K, 1600LM 180° NO DIMEABLE AC85-265V IP20;5400
4;PANEL LED;1603136832902;D1010011;D1010011 PANEL SLIM REDONDO 24W , SMD 2835, Φ300*12MM, 4000K, 1600LM 180° NO DIMEABLE AC85-265V IP20;5400
4;PANEL LED;1603136885252;D1010012;D1010012 PANEL SLIM REDONDO 24W , SMD 2835, Φ300*12MM, 6000K, 1600LM 180° NO DIMEABLE AC85-265V IP20;5400
4;PANEL LED;1600176677425;D1010013;D1010013 PANEL SLIM CUADRADO 6W, SMD 2835, Φ120*12mm, 3000K, 450LM 180° NO DIMEABLE AC85-265V IP20;1600
4;PANEL LED;1600176715456;D1010014;D1010014 PANEL SLIM CUADRADO 6W, SMD 2835, Φ120*12mm, 4000K, 450LM 180° NO DIMEABLE AC85-265V IP20;1600
4;PANEL LED;1600176828087;D1010015;D1010015 PANEL SLIM CUADRADO 6W, SMD 2835, Φ120*12mm, 6000K, 450LM 180° NO DIMEABLE AC85-265V IP20;1600
4;PANEL LED;1600177514341;D1010016;D1010016 PANEL SLIM CUADRADO 12W, SMD 2835, Φ170*12mm, 3000K, 900LM 180° NO DIMEABLE AC85-265V IP20;2800
4;PANEL LED;1600177576651;D1010017;D1010017 PANEL SLIM CUADRADO 12W, SMD 2835, Φ170*12mm, 4000K, 900LM 180° NO DIMEABLE AC85-265V IP20;2800
4;PANEL LED;1600177630220;D1010018;D1010018 PANEL SLIM CUADRADO 12W, SMD 2835, Φ170*12mm, 5500K, 900LM 180° NO DIMEABLE AC85-265V IP20;2800
4;PANEL LED;1603136989208;D1010019;D1010019 PANEL SLIM CUADRADO 18W , SMD 2835, Φ225*12MM, 3000K, 1250LM 180° NO DIMEABLE AC85-265V;3300
4;PANEL LED;1603137052564;D1010020;D1010020 PANEL SLIM CUADRADO 18W , SMD 2835, Φ225*12MM, 4000K, 1250LM 180° NO DIMEABLE AC85-265V;3300
4;PANEL LED;1604522529329;D1010021;D1010021 PANEL SLIM CUADRADO 18W , SMD 2835, Φ225*12mm, 5500K, 1250LM 180° NO DIMEABLE AC85-265V IP20;3300
4;PANEL LED;1603137171809;D1010022;D1010022 PANEL SLIM CUADRADO 24W , SMD 2835, Φ300*12MM, 3000K, 1600LM 180° NO DIMEABLE AC85-265V IP20;5400
4;PANEL LED;1600179751191;D1010023;D1010023 PANEL SLIM CUADRADO 24W , SMD 2835, Φ300*12MM, 4000K, 1600LM 180° NO DIMEABLE AC85-265V IP20;5400
4;PANEL LED;1603137229870;D1010024;D1010024 PANEL SLIM CUADRADO 24W , SMD 2835, Φ300*12MM, 6000K, 1600LM 180° NO DIMEABLE AC85-265V IP20;5400
4;PANEL LED;1600178551231;D1010025;D1010025 PLAFON SOBREPUESTO REDONDO 6W, SMD 2835,Φ120*40mm, 3000K, 450LM 120° NO DIMEABLE AC85-265V IP20;2100
4;PANEL LED;1600178583397;D1010026;D1010026 PLAFON SOBREPUESTO REDONDO 6W, SMD 2835,Φ120*40mm, 4000K, 450LM 120° NO DIMEABLE AC85-265V IP20;2100
4;PANEL LED;1600178621405;D1010027;D1010027 PLAFON SOBREPUESTO REDONDO 6W, SMD 2835,Φ120*40mm, 6000K, 450LM 120° NO DIMEABLE AC85-265V IP20;2100
4;PANEL LED;1604430541420;D1010028;D1010028 PLAFON SOBREPUESTO REDONDO 12W, SMD 2835,Φ175*40mm, 3000K, 900LM 120° NO DIMEABLE AC85-265V IP20;4500
4;PANEL LED;1604430589665;D1010029;D1010029 PLAFON SOBREPUESTO REDONDO 12W, SMD 2835,Φ175*40mm, 4000K, 900LM 120° NO DIMEABLE AC85-265V IP20;3200
4;PANEL LED;1604430628020;D1010030;D1010030 PLAFON SOBREPUESTO REDONDO 12W, SMD 2835,Φ175*40mm, 5500K, 900LM 120° NO DIMEABLE AC85-265V IP20;3200
4;PANEL LED;1604430694122;D1010031;D1010031 PLAFÓN SOBREPUESTO REDONDO 18W , SMD 2835, Φ225*12mm, 3000K, 1250LM 180° NO DIMEABLE AC85-265V IP20;3800
4;PANEL LED;1603137329738;D1010032;D1010032 PLAFÓN SOBREPUESTO REDONDO 18W , SMD 2835, Φ225*12MM, 4000K, 1250LM 180° NO DIMEABLE AC85-265V;3800
4;PANEL LED;1603137411067;D1010033;D1010033 PLAFÓN SOBREPUESTO REDONDO 18W , SMD 2835, Φ225*12MM, 5500K, 1250LM 180° NO DIMEABLE AC85-265V IP20;3800
4;PANEL LED;1600179887394;D1010034;D1010034 PLAFÓN SOBREPUESTO REDONDO 24W , SMD 2835, Φ300*12MM, 3000K, 1600LM 180° NO DIMEABLE AC85-265V IP20;5900
4;PANEL LED;1600179927529;D1010035;D1010035 PLAFÓN SOBREPUESTO REDONDO 24W , SMD 2835, Φ300*12MM, 4000K, 1600LM 180° NO DIMEABLE AC85-265V IP20;5900
4;PANEL LED;1600179957280;D1010036;D1010036 PLAFÓN SOBREPUESTO REDONDO 24W , SMD 2835, Φ300*12MM, 6000K, 1600LM 180° NO DIMEABLE AC85-265V IP20;5900
4;PANEL LED;1600178731787;D1010037;D1010037 PLAFON SOBREPUESTO CUADRADO 6W, SMD 2835,Φ120*40mm, 3000K, 450LM 120° NO DIMEABLE AC85-265V IP20;2900
4;PANEL LED;1600178763284;D1010038;D1010038 PLAFON SOBREPUESTO CUADRADO 6W, SMD 2835,Φ120*40mm, 4000K, 450LM 120° NO DIMEABLE AC85-265V IP20;2100
4;PANEL LED;1600178826877;D1010039;D1010039 PLAFON SOBREPUESTO CUADRADO 6W, SMD 2835,Φ120*40mm, 6000K, 450LM 120° NO DIMEABLE AC85-265V IP20;2100
4;PANEL LED;1600178931702;D1010040;D1010040 PLAFON SOBREPUESTO CUADRADO 12W, SMD 2835,Φ175*40mm, 3000K, 900LM 120° NO DIMEABLE AC85-265V IP20;3200
4;PANEL LED;1600178961497;D1010041;D1010041 PLAFON SOBREPUESTO CUADRADO 12W, SMD 2835,Φ175*40mm, 4000K, 900LM 120° NO DIMEABLE AC85-265V IP20;3200
4;PANEL LED;1600178988278;D1010042;D1010042 PLAFON SOBREPUESTO CUADRADO 12W, SMD 2835,Φ175*40mm, 6000K, 900LM 120° NO DIMEABLE AC85-265V IP20;3200
4;PANEL LED;1600179092565;D1010043;D1010043 PLAFÓN SOBREPUESTO CUADRADO 18W , SMD 2835, Φ225*12mm, 3000K, 1250LM 180° NO DIMEABLE AC85-265V IP20;5500
4;PANEL LED;1600179140206;D1010044;D1010044 PLAFÓN SOBREPUESTO CUADRADO 18W , SMD 2835, Φ225*12mm, 4000K, 1250LM 180° NO DIMEABLE AC85-265V IP20;3800
4;PANEL LED;1600179174510;D1010045;D1010045 PLAFÓN SOBREPUESTO CUADRADO 18W , SMD 2835, Φ225*12mm, 6000K, 1250LM 180° NO DIMEABLE AC85-265V IP20;3800
4;PANEL LED;1604430765374;D1010046;D1010046 PLAFÓN SOBREPUESTO CUADRADO 24W , SMD 2835, Φ225*12mm, 3000K, 1920LM 180° NO DIMEABLE AC85-265V IP20;5900
4;PANEL LED;1604430830769;D1010047;D1010047 PLAFÓN SOBREPUESTO CUADRADO 24W , SMD 2835, Φ225*12mm, 4000K, 1920LM 180° NO DIMEABLE AC85-265V IP20;5900
4;PANEL LED;1604430872218;D1010048;D1010048 PLAFÓN SOBREPUESTO CUADRADO 24W , SMD 2835, Φ225*12mm, 6000K, 1920LM 180° NO DIMEABLE AC85-265V IP20;5900
4;PANEL LED;1604498295292;D1010064;D1010064 PLAFÓN LED 12W 3000K 960LM CON SENSOR DE MOVIMIENTO 175-260V Ø230MM;5200
4;PANEL LED;1604498337013;D1010065;D1010065 PLAFÓN LED 12W 4300K 960LM CON SENSOR DE MOVIMIENTO 175-260V Ø230MM;5200
4;PANEL LED;1604498395166;D1010066;D1010066 PLAFÓN LED 18W 3000K 1440LM CON SENSOR DE MOVIMIENTO 175-260V Ø300MM;6000
4;PANEL LED;1604498424219;D1010067;D1010067 PLAFÓN LED 18W 4300K 1440LM CON SENSOR DE MOVIMIENTO 175-260V Ø300MM;6000
4;PANEL LED;1604498474445;D1010068;D1010068 LUMINARIA RIEL MONOFÁSICO LED 12W CARCASA NEGRA 3000K IP20 220V DIMENSIONES ∅60*110mm;6900
4;PANEL LED;1604498502264;D1010069;D1010069 LUMINARIA RIEL MONOFÁSICO LED 12W CARCASA NEGRA 4000K IP20 220V DIMENSIONES ∅60*110mm;4600
4;PANEL LED;1604498950067;D1010081;D1010081 CAMPANA INDUSTRIAL UFO 100W 6000K 11000LM Ø237xH90MM 110LM/W 170-265V;27900
4;PANEL LED;1619210383225;D1010108;D1010108 DOWNLIGHT SPOT LED 3W 3000K 80LM/W ⌀70x43MM PLASTICO 220V;1500
4;PANEL LED;1619210410875;D1010109;D1010109 DOWNLIGHT SPOT LED 3W 4300K 80LM/W ⌀70x43MM PLASTICO 220V;1500
4;PANEL LED;1619210509599;D1010110;D1010110 DOWNLIGHT SPOT LED 3W 6000K 80LM/W ⌀70x43MM PLASTICO 220V;1500
4;PANEL LED;1619210594742;D1010111;D1010111 DOWNLIGHT SPOT LED 5W 3000K 80LM/W ⌀90x43MM PLASTICO 220V;1900
4;PANEL LED;1619210644139;D1010112;D1010112 DOWNLIGHT SPOT LED 5W 4300K 80LM/W ⌀90x43MM PLASTICO 220V;1900
4;PANEL LED;1619210684761;D1010113;D1010113 DOWNLIGHT SPOT LED 5W 6000K 80LM/W ⌀90x43MM PLASTICO 220V;1900
4;PANEL LED;1619210875875;D1010114;D1010114 PANEL LED RETRO LUMINADO CIRCULAR 4W 3000K 60LM/W DOB ⌀98x25,5MM AC110-265V;1900
4;PANEL LED;1619210901555;D1010115;D1010115 PANEL LED RETRO LUMINADO CIRCULAR 4W 4300K 60LM/W DOB ⌀98x25,5MM AC110-265V;900
4;PANEL LED;1619210925769;D1010116;D1010116 PANEL LED RETRO LUMINADO CIRCULAR 4W 6000K 60LM/W DOB ⌀98x25,5MM AC110-265V;900
4;PANEL LED;1619210958123;D1010117;D1010117 PANEL LED RETRO LUMINADO CIRCULAR 6W 3000K 65LM/W DOB ⌀118x25,5MM AC110-265V;1300
4;PANEL LED;1619210986887;D1010118;D1010118 PANEL LED RETRO LUMINADO CIRCULAR 6W 4300K 65LM/W DOB ⌀118x25,5MM AC110-265V;1300
4;PANEL LED;1619211020255;D1010119;D1010119 PANEL LED RETRO LUMINADO CIRCULAR 6W 6000K 65LM/W DOB ⌀118x25,5MM AC110-265V;1300
4;PANEL LED;1619211076760;D1010120;D1010120 PANEL LED RETRO LUMINADO CIRCULAR 9W 3000K 75LM/W DOB ⌀145x25,5MM AC110-265V;1400
4;PANEL LED;1619211103305;D1010121;D1010121 PANEL LED RETRO LUMINADO CIRCULAR 9W 4300K 75LM/W DOB ⌀145x25,5MM AC110-265V;1400
4;PANEL LED;1619211129901;D1010122;D1010122 PANEL LED RETRO LUMINADO CIRCULAR 9W 6000K 75LM/W DOB ⌀145x25,5MM AC110-265V;1400
4;PANEL LED;1619126222698;D1010123;D1010123 PANEL LED RETRO LUMINADO CIRCULAR 15W 3000K 80LM/W DOB ⌀175x26,5MM AC110-265V;1800
4;PANEL LED;1619126257234;D1010124;D1010124 PANEL LED RETRO LUMINADO CIRCULAR 15W 4300K 80LM/W DOB ⌀175x26,5MM AC110-265V;1800
4;PANEL LED;1619126284762;D1010125;D1010125 PANEL LED RETRO LUMINADO CIRCULAR 15W 6000K 80LM/W DOB ⌀175x26,5MM AC110-265V;1800
4;PANEL LED;1619211180609;D1010126;D1010126 PANEL LED RETRO LUMINADO CIRCULAR 20W 3000K 80LM/W DOB ⌀222x27,5MM AC110-265V;2500
4;PANEL LED;1619211205225;D1010127;D1010127 PANEL LED RETRO LUMINADO CIRCULAR 20W 4300K 80LM/W DOB ⌀222x27,5MM AC110-265V;5500
4;PANEL LED;1619126375368;D1010128;D1010128 PANEL LED RETRO LUMINADO CIRCULAR 20W 6000K 80LM/W DOB ⌀222x27,5MM AC110-265V;2500
4;PANEL LED;1619211276991;D1010129;D1010129 PANEL LED RETRO LUMINADO CIRCULAR 26W 3000K 80LM/W DOB ⌀300x27,5MM AC110-265V;4600
4;PANEL LED;1619211314508;D1010130;D1010130 PANEL LED RETRO LUMINADO CIRCULAR 26W 4300K 80LM/W DOB ⌀300x27,5MM AC110-265V;4600
4;PANEL LED;1619211347202;D1010131;D1010131 PANEL LED RETRO LUMINADO CIRCULAR 26W 6000K 80LM/W DOB ⌀300x27,5MM AC110-265V;4600
4;PANEL LED;1619126343108;D1010132;D1010132 PANEL LED RETRO LUMINADO CUADRADO 6W 3000K 70LM/W DOB ⌀120x120x26,5MM AC110-265V;1300
4;PANEL LED;1619211388804;D1010133;D1010133 PANEL LED RETRO LUMINADO CUADRADO 6W 4300K 70LM/W DOB ⌀120x120x26,5MM AC110-265V;1300
4;PANEL LED;1619211417738;D1010134;D1010134 PANEL LED RETRO LUMINADO CUADRADO 6W 6000K 70LM/W DOB ⌀120x120x26,5MM AC110-265V;1300
4;PANEL LED;1619211519858;D1010135;D1010135 PANEL LED RETRO LUMINADO CUADRADO 9W 3000K 75LM/W DOB ⌀145x145x26,5MM AC110-265V;1400
4;PANEL LED;1619211544590;D1010136;D1010136 PANEL LED RETRO LUMINADO CUADRADO 9W 4300K 75LM/W DOB ⌀145x145x26,5MM AC110-265V;1400
4;PANEL LED;1619211566800;D1010137;D1010137 PANEL LED RETRO LUMINADO CUADRADO 9W 6000K 75LM/W DOB ⌀145x145x26,5MM AC110-265V;1400
4;PANEL LED;1619126405244;D1010138;D1010138 PANEL LED RETRO LUMINADO CUADRADO 15W 3000K 80LM/W DOB ⌀175x175x26,5MM AC110-265V;1800
4;PANEL LED;1619211604854;D1010139;D1010139 PANEL LED RETRO LUMINADO CUADRADO 15W 4300K 80LM/W DOB ⌀175x175x26,5MM AC110-265V;1800
4;PANEL LED;1619211640683;D1010140;D1010140 PANEL LED RETRO LUMINADO CUADRADO 15W 6000K 80LM/W DOB ⌀175x175x26,5MM AC110-265V;1800
4;PANEL LED;1619211673123;D1010141;D1010141 PANEL LED RETRO LUMINADO CUADRADO 20W 3000K 80LM/W DOB ⌀224x224x27,5MM AC110-265V;2500
4;PANEL LED;1619126433924;D1010142;D1010142 PANEL LED RETRO LUMINADO CUADRADO 20W 4300K 80LM/W DOB ⌀224x224x27,5MM AC110-265V;2500
4;PANEL LED;1619126467628;D1010143;D1010143 PANEL LED RETRO LUMINADO CUADRADO 20W 6000K 80LM/W DOB ⌀224x224x27,5MM AC110-265V;2500
4;PANEL LED;1619211712791;D1010144;D1010144 PANEL LED RETRO LUMINADO CUADRADO 26W 3000K 85LM/W DOB ⌀300x300x27,5MM AC110-265V;4600
4;PANEL LED;1619211742827;D1010145;D1010145 PANEL LED RETRO LUMINADO CUADRADO 26W 4300K 85LM/W DOB ⌀300x300x27,5MM AC110-265V;4600
4;PANEL LED;1619211764112;D1010146;D1010146 PANEL LED RETRO LUMINADO CUADRADO 26W 6000K 85LM/W DOB ⌀300x300x27,5MM AC110-265V;4600
4;PANEL LED;1619211800068;D1010147;D1010147 PLAFON LED RETRO LUMINADO CIRCULAR 6W 3000K 70LM/W DOB ⌀123x35MM AC110-265V;1600
4;PANEL LED;1619211817459;D1010148;D1010148 PLAFON LED RETRO LUMINADO CIRCULAR 6W 4300K 70LM/W DOB ⌀123x35MM AC110-265V;1600
4;PANEL LED;1619211841419;D1010149;D1010149 PLAFON LED RETRO LUMINADO CIRCULAR 6W 6000K 70LM/W DOB ⌀123x35MM AC110-265V;1600
4;PANEL LED;1619126507167;D1010150;D1010150 PLAFON LED RETRO LUMINADO CIRCULAR 12W 3000K 75LM/W DOB ⌀174x35MM AC110-265V;2200
4;PANEL LED;1619126542527;D1010151;D1010151 PLAFON LED RETRO LUMINADO CIRCULAR 12W 4300K 75LM/W DOB ⌀174x35MM AC110-265V;2200
4;PANEL LED;1619126571541;D1010152;D1010152 PLAFON LED RETRO LUMINADO CIRCULAR 12W 6000K 75LM/W DOB ⌀174x35MM AC110-265V;2200
4;PANEL LED;1619211969744;D1010153;D1010153 PLAFON LED RETRO LUMINADO CIRCULAR 20W 3000K 80LM/W DOB ⌀226x35MM AC110-265V;3000
4;PANEL LED;1619126605198;D1010154;D1010154 PLAFON LED RETRO LUMINADO CIRCULAR 20W 4300K 80LM/W DOB ⌀226x35MM AC110-265V;3000
4;PANEL LED;1619212038636;D1010155;D1010155 PLAFON LED RETRO LUMINADO CIRCULAR 20W 6000K 80LM/W DOB ⌀226x35MM AC110-265V;3000
4;PANEL LED;1619212071224;D1010156;D1010156 PLAFON LED RETRO LUMINADO CIRCULAR 26W 3000K 85LM/W DOB ⌀300x33MM AC110-265V;5000
4;PANEL LED;1619212098717;D1010157;D1010157 PLAFON LED RETRO LUMINADO CIRCULAR 26W 4300K 85LM/W DOB ⌀300x33MM AC110-265V;5000
4;PANEL LED;1619212134552;D1010158;D1010158 PLAFON LED RETRO LUMINADO CIRCULAR 26W 6000K 85LM/W DOB ⌀300x33MM AC110-265V;5000
4;PANEL LED;1619212168947;D1010159;D1010159 PLAFON LED RETRO LUMINADO CUADRADO 6W 3000K 70LM/W DOB 122x122x35MM AC110-265V;1600
4;PANEL LED;1619212205465;D1010160;D1010160 PLAFON LED RETRO LUMINADO CUADRADO 6W 4300K 70LM/W DOB 122x122x35MM AC110-265V;1600
4;PANEL LED;1619212229232;D1010161;D1010161 PLAFON LED RETRO LUMINADO CUADRADO 6W 6000K 70LM/W DOB 122x122x35MM AC110-265V;1600
4;PANEL LED;1619212268729;D1010162;D1010162 PLAFON LED RETRO LUMINADO CUADRADO 12W 3000K 75LM/W DOB 173x173x35MM AC110-265V;2200
4;PANEL LED;1619212294065;D1010163;D1010163 PLAFON LED RETRO LUMINADO CUADRADO 12W 4300K 75LM/W DOB 173x173x35MM AC110-265V;2200
4;PANEL LED;1619212322582;D1010164;D1010164 PLAFON LED RETRO LUMINADO CUADRADO 12W 6000K 75LM/W DOB 173x173x35MM AC110-265V;2200
4;PANEL LED;1619126636955;D1010165;D1010165 PLAFON LED RETRO LUMINADO CUADRADO 20W 3000K 80LM/W DOB 226x226x35MM AC110-265V;3000
4;PANEL LED;1619212358913;D1010166;D1010166 PLAFON LED RETRO LUMINADO CUADRADO 20W 4300K 80LM/W DOB 226x226x35MM AC110-265V;3000
4;PANEL LED;1619212387451;D1010167;D1010167 PLAFON LED RETRO LUMINADO CUADRADO 20W 6000K 80LM/W DOB 226x226x35MM AC110-265V;3000
4;PANEL LED;1619212419917;D1010168;D1010168 PLAFON LED RETRO LUMINADO CUADRADO 26W 3000K 85LM/W DOB 300x300x32MM AC110-265V;5000
4;PANEL LED;1619212442378;D1010169;D1010169 PLAFON LED RETRO LUMINADO CUADRADO 26W 4300K 85LM/W DOB 300x300x32MM AC110-265V;5000
4;PANEL LED;1619212475111;D1010170;D1010170 PLAFON LED RETRO LUMINADO CUADRADO 26W 6000K 85LM/W DOB 300x300x32MM AC110-265V;5000
4;PANEL LED;1619110683086;D1010171;D1010171 LUMINARIA TIPO TORTUGA CIRCULAR LED EXTERIOR 18W 3000K 221x68x222MM IP54 AC170-265V;6900
4;PANEL LED;1619110716383;D1010172;D1010172 LUMINARIA TIPO TORTUGA CIRCULAR LED EXTERIOR 18W 6000K 221x68x222MM IP54 AC170-265V;6900
4;PANEL LED;1600196686188;D1050001;D1050001 PANEL SLIM 3000K 36W±10%, 5630 AC100-240V 3600LM 1212*150*10mm 120° BORDE BLANCO;21600
4;PANEL LED;1600196735312;D1050002;D1050002 PANEL SLIM 4000K 36W±10%, 5630 AC100-240V 3600LM 1212*150*10mm 120° BORDE BLANCO;21600
4;PANEL LED;1600196766368;D1050003;D1050003 PANEL SLIM 6000K 36W±10%, 5630 AC100-240V 3600LM 1212*150*10mm 120° BORDE BLANCO;21600
4;PANEL LED;1600197090576;D1050004;D1050004 PANEL SLIM 3000K 36W±10%, 5630 AC100-240V 3600LM 1212*300*10mm 120° BORDE BLANCO;23000
4;PANEL LED;1600197119944;D1050005;D1050005 PANEL SLIM 4000K 36W±10%, 5630 AC100-240V 3600LM 1212*300*10mm 120° BORDE BLANCO;23000
4;PANEL LED;1600197193700;D1050006;D1050006 PANEL SLIM 6000K 36W±10%, 5630 AC100-240V 3600LM 1212*300*10mm 120° BORDE BLANCO;23000
4;PANEL LED;1600197318265;D1050007;D1050007 PANEL SLIM 3000K 72W±10%, 5630 AC100-240V 6000LM 1212*603*10mm 120° BORDE BLANCO;50600
4;PANEL LED;1600197347551;D1050008;D1050008 PANEL SLIM 4000K 72W±10%, 5630 AC100-240V 6000LM 1212*603*10mm 120° BORDE BLANCO;50600
4;PANEL LED;1600197380827;D1050009;D1050009 PANEL SLIM 6000K 72W±10%, 5630 AC100-240V 6000LM 1212*603*10mm 120° BORDE BLANCO;50600
4;PANEL LED;1600197503633;D1050010;D1050010 PANEL SLIM 90LED 3000K 40W±10%, 5630 AC100-240V 3600LM 603*603*11mm 120°;20200
4;PANEL LED;1600197537335;D1050011;D1050011 PANEL SLIM 90LED 4000K 40W±10%, 5630 AC100-240V 3600LM 603*603*11mm 120° BORDE BLANCO;20200
4;PANEL LED;1600197563824;D1050012;D1050012 PANEL SLIM 90LED 6000K 40W±10%, 5630 AC100-240V 3600LM 603*603*11mm 120° BORDE BLANCO;20200
4;PANEL LED;1600281838074;D1050016;D1050016 DRIVER PARA PANEL DE 36W 600 Ma;6900
4;PANEL LED;1618424515869;LC0074;LC0074 PANEL SLIM 90LED 3000K 36W±10%, 5630 AC100-240V 3600LM 603*603*11MM 120° BORDE BLANCO;13900
4;PANEL LED;1618424619501;LC0075;LC0075 PANEL SLIM 3000K 36W±10%, 5630 AC100-240V 3600LM 1212*150*10mm 120° BORDE BLANCO;16000
4;PANEL LED;1618424663934;LC0076;LC0076 PANEL SLIM 4500K 36W±10%, 5630 AC100-240V 3600LM 1212*150*10mm 120° BORDE BLANCO;16000
4;PANEL LED;1618424697554;LC0077;LC0077 PANEL SLIM 6000K 36W±10%, 5630 AC100-240V 3600LM 1212*150*10mm 120° BORDE BLANCO;16000
4;PANEL LED;1618581850880;LC0078;LC0078 LUMINARIA TIPO PLAFÓN CIRCULAR XL LED 30W 3000K IP20 220V DIMENSIONES 400X40 MM TEKNICA LED;15500
4;PANEL LED;1618581902179;LC0079;LC0079 LUMINARIA TIPO PLAFÓN CIRCULAR XL LED 30W 4000K IP20 220V DIMENSIONES 400X40 MM TEKNICA LED;15500
4;PANEL LED;1618581946940;LC0080;LC0080 LUMINARIA TIPO PLAFÓN CIRCULAR XL LED 36W 3000K IP20 220V DIMENSIONES 500X40 MM TEKNICA LED;22000
4;PANEL LED;1618581972187;LC0081;LC0081 LUMINARIA TIPO PLAFÓN CIRCULAR XL LED 36W 4000K IP20 220V DIMENSIONES 500X40 MM TEKNICA LED;22000
4;PANEL LED;1618582023672;LC0082;LC0082 LUMINARIA TIPO PLAFÓN CIRCULAR XL LED 48W 3000K IP20 220V DIMENSIONES 600X40 MM TEKNICA LED;25900
4;PANEL LED;1618582057433;LC0083;LC0083 LUMINARIA TIPO PLAFÓN CIRCULAR XL LED 48W 4000K IP20 220V DIMENSIONES 600X40 MM TEKNICA LED;25900
4;PANEL LED;1618582108056;LC0084;LC0084 LUMINARIA TIPO PLAFÓN CUADRADO XL LED 30W 3000K IP20 220V DIMENSIONES 400X40 MM TEKNICA LED;15500
4;PANEL LED;1618582238058;LC0085;LC0085 LUMINARIA TIPO PLAFÓN CUADRADO XL LED 30W 4000K IP20 220V DIMENSIONES 400X40 MM TEKNICA LED;15500
4;PANEL LED;1618582315678;LC0086;LC0086 LUMINARIA TIPO PLAFÓN CUADRADO XL LED 36W 3000K IP20 220V DIMENSIONES 500X40 MM TEKNICA LED;22000
4;PANEL LED;1618582360402;LC0087;LC0087 LUMINARIA TIPO PLAFÓN CUADRADO XL LED 36W 4000K IP20 220V DIMENSIONES 500X40 MM TEKNICA LED;22000
4;PANEL LED;1618582401000;LC0088;LC0088 LUMINARIA TIPO PLAFÓN CUADRADO XL LED 48W 3000K IP20 220V DIMENSIONES 600X40 MM TEKNICA LED;25900
4;PANEL LED;1618582438715;LC0089;LC0089 LUMINARIA TIPO PLAFÓN CUADRADO XL LED 48W 4000K IP20 220V DIMENSIONES 600X40 MM TEKNICA LED;25900
4;PANEL LED;1618582477142;LC0090;LC0090 LUMINARIA TIPO PANEL CIRCULAR XL LED 30W 3000K IP20 220V DIMENSIONES 400X40 MM TEKNICA LED;12500
4;PANEL LED;1618582507392;LC0091;LC0091 LUMINARIA TIPO PANEL CIRCULAR XL LED 30W 4000K IP20 220V DIMENSIONES 400X40 MM TEKNICA LED;12500
4;PANEL LED;1618582535208;LC0092;LC0092 LUMINARIA TIPO PANEL CIRCULAR XL LED 36W 3000K IP20 220V DIMENSIONES 500X40 MM TEKNICA LED;17900
4;PANEL LED;1618582560722;LC0093;LC0093 LUMINARIA TIPO PANEL CIRCULAR XL LED 36W 4000K IP20 220V DIMENSIONES 500X40 MM TEKNICA LED;17900
4;PANEL LED;1618582593861;LC0094;LC0094 LUMINARIA TIPO PANEL CIRCULAR XL LED 48W 3000K IP20 220V DIMENSIONES 600X40 MM TEKNICA LED;21500
4;PANEL LED;1618582620056;LC0095;LC0095 LUMINARIA TIPO PANEL CIRCULAR XL LED 48W 4000K IP20 220V DIMENSIONES 600X40 MM TEKNICA LED;21500
4;PANEL LED;1619620487392;LC0100;"LC0100 FOCO EMPOTRADO A CIELO TIPO PL, 8"" 20 WATTS, SMD EMPAVONADO, 1800 LM, 3000°K, 120°, ASQS 22";9900
4;PANEL LED;1619620530450;LC0101;"LC0101 FOCO EMPOTRADO A CIELO TIPO PL, 8"" 25 WATTS, SMD EMPAVONADO, 2250 LM, 3000°K, 120°, ASQS 22";11500
4;PANEL LED;1606924343131;P010018;P010018 LUMINARIA EMPOTRADA LED PHILIPS 13W 4000K 17CM 220V;3900
5;PERFIL;1604420326938;D1060001;D1060001 PERFIL ALUMINIO RECTANGULAR EMBUTIDO PARA CINTA LED SMD 22*6*300mm;6900
5;PERFIL;1628109181090;D1060001-B;D1060001-B PERFIL ALUMINIO RECTANGULAR EMBUTIDO PARA CINTA LED SMD 22*6*2000mm;5900
5;PERFIL;1604420388674;D1060002;D1060002 PERFIL ALUMINIO RECTANGULAR SOBREPUESTO PARA CINTA LED SMD 15*6*300mm;6900
5;PERFIL;1604420443274;D1060003;D1060003 PERFIL ALUMINIO RECTANGULAR EMBUTIDO PARA CINTA LED SMD 22*12*300mm;7900
5;PERFIL;1604420696071;D1060004;D1060004 PERFIL ALUMINIO RECTANGULAR SOBREPUESTO PARA CINTA LED SMD 16*12*300mm;7900
5;PERFIL;1604420740929;D1060005;D1060005 PERFIL ALUMINIO TRIANGULAR SOBREPUESTO PARA CINTA LED SMD 19*19*300mm;8900
5;PERFIL;1629489441057;D1060005-B;D1060005-B PERFIL ALUMINIO TRIANGULAR OVALADO SOBREPUESTO PARA CINTA LED SMD 19*19*3000mm;8900
5;PERFIL;1621532515754;LC0133;LC0133 PERFIL IP65 2MT CON TAPA OPAL PARA CINTA LED SMD 56X56X22,2MM;20900
;Sin Tipo;1612804743185;A010001;A010001 DESPACHO DENTRO DE SANTIAGO;5000
;Sin Tipo;1619111217079;D1010181;D1010181 SOSTENEDOR A MURO DE LUMINARIA PUBLICA;3500
;Sin Tipo;1614872614108;D1050017;D1050017 SET DE PIOLAR PARA COLGAR PLAFONES XL 3X1,2 METROS INCLUYE BASE PARA FIJAR A CIELO;2900
;Sin Tipo;1617893700666;D1090005;D1090005 CONECTOR EN L 10W 1000LM PF>09, Ra>80 3000K;23900
;Sin Tipo;1617893748023;D1090006;D1090006 CONECTOR EN L 10W 1000LM PF>09, Ra>80 3000K;23900
;Sin Tipo;1617893884603;D1090007;D1090007 PLACA DE UNION PARA LOS LED LINEAL;3000
;Sin Tipo;1617893938936;D1090008;D1090008 KIT DE PIOLAS PARA COLGAR LUMINARIA LINEAL / BASE COLOR NEGRO DIAMETRO 6CM;3900
;Sin Tipo;1618521769899;D1120001;D1120001 KIT DE EMERGENCIA 4-50W 220V 1,5 HRS DE AUTONOMÍA PARA EQUIPOS LED CON DRIVER EXTERNO;10900
;Sin Tipo;1618521808675;D1120002;D1120002 SEÑALETICA EMERGENCIA LED 5W CON FLECHA DERECHA DE SALIDA VERDE 220V;10900
;Sin Tipo;1618521845769;D1120003;D1120003 SEÑALETICA EMERGENCIA LED 5W CON FLECHA IZQUIERDA DE SALIDA VERDE 220V;10900
;Sin Tipo;1618521886610;D1120004;D1120004 SEÑALÉTICA DE SALIDA CON LED VERDE 220V;10900
;Sin Tipo;1618521934955;D1120005;D1120005 LUMINARIA DE EMERGENCIA LED 3W 6000K 61 LED SMD 2-3 HRS DE AUTONOMÍA 220V;12900
;Sin Tipo;1618521997930;D1120006;D1120006 LUMINARIA DE EMERGENCIA LED 2*2W 6000K 2 HRS DE AUTONOMÍA 85-265V DIMENSIONES 270*65*280MM;16900
;Sin Tipo;1618522048422;D1120007;D1120007 LUMINARIA DE EMERGENCIA LED 2*2W 6000K 2 HRS DE AUTONOMÍA 85-265V DIMENSIONES 300*140*90MM;12900
;Sin Tipo;1628181920855;IVA001;IVA001 CANCELAR IVA;10000
;Sin Tipo;1607531574245;KN0001;KN0001 MASCARILLA KN95;100
;Sin Tipo;1607716843558;KN0002;KN0002 STERILIZADOR DE EQUIPOS MOVILES CON CARGA INALAMBRICA USB;29500
;Sin Tipo;1607716108438;LC0026;LC0026 FOCO EMPOTRADO A MURO CIRCULAR LED 1,2W 2700°K, CARCASA COLOR BLANCO, 220V, IP44;7500
;Sin Tipo;1607717269112;LC0027;LC0027 LUMINARIA TIPO APLIQUE A CIELO CILINDRO GRIS GU10;11500
;Sin Tipo;1616777053707;LC0054;LC0054 CLIPS DE MONTAJE PARA MANGUERA LED;100
;Sin Tipo;1616777098356;LC0055;LC0055 TAPA FINAL PARA MANGUERA LED;100
;Sin Tipo;1616777149433;LC0056;LC0056 CONCETOR INTERMEDIO PARA MANGUERA LED;1000
;Sin Tipo;1616777195670;LC0057;LC0057 CABLE DE PODER PARA MANGUERA LED;2700
;Sin Tipo;1616777806837;LC0061;LC0061 CONECTOR ENERGÍA M19 HEMBRA WASH BAR SLIM;3900
;Sin Tipo;1618582710100;LC0096;LC0096 LAMPARA UV DESINFECTANTE DE BACTERIAS;15000
;Sin Tipo;1621533243236;LC0134;LC0134 RIEL MONOFÁSICO NEGRO 2 METRO 220V;5900
;Sin Tipo;1617301266656;LIQ90;LIQ90 LUMINARIA PUBLICA 90W 4500K;70000
;Sin Tipo;1606923898529;P010013;P010013 AMPOLLETA PHILIPS LED E14 EMPAVONADA 5,5-40W 2700K 220V TIPO VELA B35 NO DIMEABLE;1900
;Sin Tipo;1606923977500;P010014;P010014 AMPOLLETA PHILIPS LED GLOBO E27 BLANCA EMPAVONADA 9,5-60W 3000K A60 220V;3900
;Sin Tipo;1606924078863;P010015;P010015 AMPOLLETA PHILIPS LED SCENESWITCH 3STEPS E27 BLANCA EMPAVONADA 9-70W 806, 320 Y 80LM 5000K A;3000
;Sin Tipo;1606924203697;P010017;P010017 AMPOLLETA PHILIPS LED E27 R63 57-60W 3000K 220V 36° DIMEABLE;3500
;Sin Tipo;1608220050259;P010021;P010021 AMPOLLETA PHILIPS LED E27 BOLA BLANCA EMPAVONADA 4-40W 3000K G45 220V;1300
;Sin Tipo;1608220086405;P010022;P010022 AMPOLLETA PHILIPS LED E27 BOLA BLANCA EMPAVONADA 4-40W 6500K G45 220V;1300
;Sin Tipo;1608220141519;P010023;P010023 AMPOLLETA FILAMENTO LED PHILIPS TIO GLOBO G120 6-60W 3000K 220V;3500
;Sin Tipo;1608747949914;P010024;P010024 AMPOLLETA PHILIPS FILAMENTO LED 6-70W 2700K E27 220V NO DIMEABLE;3500
6;SOLAR;1603137550741;D1010049;D1010049 Luminaria solar 20w 6500k 110 L/W;23500
6;SOLAR;1603137624460;D1010050;D1010050 Luminaria solar 40w 6500k 110 L/W;26900
6;SOLAR;1603137692461;D1010051;D1010051 Luminaria solar 60w 6500k 110 L/W;40500
6;SOLAR;1617726187977;D1010173;D1010173 PROYECTOR DE ÁREA LED SOLAR 25W 6500K PANEL SOLAR CLASE A 6W/6V SENSOR DE LUZ IEMPO DE DURACIÓN 8-10HRS INCLUYE CONTROL REMOTO;26900
6;SOLAR;1617726248918;D1010174;D1010174 PROYECTOR DE ÁREA LED SOLAR 60W 6500K PANEL SOLAR CLASE A 6W/6V SENSOR DE LUZ TIEMPO DE DURACIÓN 8-10HRS INCLUYE CONTROL REMOTO;40900
6;SOLAR;1618865894798;D1010175;D1010175 PROYECTOR DE ÁREA LED SOLAR 100W 6500K PANEL SOLAR CLASE A 6W/6V SENSOR DE LUZ, TIEMPO DE D;52000
6;SOLAR;1619718849865;D1010176;D1010176 LUMINARIA PÚBLICA LED SOLAR 20W 6500K 2200LM IP65;23500
6;SOLAR;1619718887972;D1010177;D1010177 LUMINARIA PÚBLICA LED SOLAR 40W 6500K 4400LM IP65;26900
6;SOLAR;1619718918287;D1010178;D1010178 LUMINARIA PÚBLICA LED SOLAR 60W 6500K 6600LM IP65;40500
6;SOLAR;1617726113753;D1010179;D1010179 LUMINARIA PÚBLICA LED SOLAR 90W 6500K 9900LM IP65;44900
6;SOLAR;1618863913702;D1010180;D1010180 LUMINARIA PÚBLICA LED SOLAR 120W 6500K 9900LM IP65;49900
6;SOLAR;1614604380913;D1080003;D1080003 LUMINARIA PAGODA SOLAR LED 15W 3000K 1200LM AUTONOMÍA 5-8 HORAS DIMENSIONES Φ420*125MM;44900
6;SOLAR;1614604470638;D1080004;D1080004 LUMINARIA TIPO BOLLARD CIRCULAR SOLAR LED 5W 3000K PANE SOLAR 5V/5W MONO DIMENSIONES 205*5;29500
6;SOLAR;1614872007234;D1080005;D1080005 LUMINARIA TIPO BOLLARD CUADRADO SOLAR LED 5W 3000K PANE SOLAR 5V/5W MONO DIMENSIONES 205*5;30900
6;SOLAR;1615922864839;D1080006;D1080006 LUMINARIA TIPO APLIQUÉ DE MURO SOLAR LED 5W 3000K PANE SOLAR 5V/5W MONO DIMENSIONES 205*2;30900
6;SOLAR;1618862876842;D1080007;D1080007 LUMINARIA PAGODA SOLAR LED 15W 4000K 1200LM AUTONOMÍA 5-8 HORAS DIMENSIONES Φ420*125MM;44900
6;SOLAR;1606755194718;KM0001;KM0001 SOPORTE BRAZO LUMINARIAS PUBLICAS METALICA;3900
6;SOLAR;1614022123727;LC0046;LC0046 ESTACA SOLAR LED 05W 3000K COLOR NEGRO INCLUYE PANEL SOLAR;12500
6;SOLAR;1614022181733;LC0047;LC0047 PACK X6 ESTACAS SOLARES 007W C/U 3000K COLOR NEGRO;9500
7;TRANSFORMADOR;1603138783176;D1020001;D1020001 FUENTE PODER IP20 30W 12V 2,5A;3900
7;TRANSFORMADOR;1604419680628;D1020002;D1020002 FUENTE PODER IP20 60W 12V 5A;5600
7;TRANSFORMADOR;1604419752374;D1020003;D1020003 FUENTE PODER IP20 120W 12V 10A;7900
7;TRANSFORMADOR;1604521512633;D1020004;D1020004 FUENTE PODER IP20 200W 12V 16,5A;10200
7;TRANSFORMADOR;1604419900575;D1020005;D1020005 FUENTE PODER IP20 350W 12V 29A;16600
7;TRANSFORMADOR;1603138840940;D1020006;D1020006 FUENTE PODER IP67 30W 12V 2,5A;6200
7;TRANSFORMADOR;1603138936838;D1020007;D1020007 FUENTE DE PODER IP67 60W 12V 220V- 50/60HZ - 5A;10500
7;TRANSFORMADOR;1603139063671;D1020008;D1020008 FUENTE PODER IP67 120W 12V 10A;16500
7;TRANSFORMADOR;1603139117528;D1020009;D1020009 FUENTE PODER IP67 200W 12V 16,5A;27700
7;TRANSFORMADOR;1604419965948;D1020010;D1020010 FUENTE PODER IP67 30W 24V 1,25A;6200
7;TRANSFORMADOR;1604420045199;D1020011;D1020011 FUENTE DE PODER 24V - 60W - IP67 220V- 50/60Hz - 2,5A;10500
7;TRANSFORMADOR;1604420094113;D1020012;D1020012 FUENTE PODER IP67 120W 24V 5A;16500
7;TRANSFORMADOR;1604420170181;D1020013;D1020013 FUENTE PODER IP67 200W 24V 8A;27700
7;TRANSFORMADOR;1616777868694;LC0062;LC0062 FUENTE PODER PLÁSTICA IP44 24W 12V 2A;4500
7;TRANSFORMADOR;1616777980027;LC0063;LC0063 FUENTE PODER PLÁSTICA IP44 36W 12V 3A;8500
7;TRANSFORMADOR;1616778035916;LC0064;LC0064 FUENTE PODER PLÁSTICA IP44 60W 12V 5A;8900
7;TRANSFORMADOR;1606503834202;WD0001;WD0001 CONTROLADOR RGB 12V;3500
8;TUBOS LED;1604431168018;D1010055;D1010055 TUBO T8 ALUMINIO 60 CMS AC220V 9W±10%, 120° 800lm 3000K CRI >70 G13 25000 HRS VIDA ÚTIL;2500
8;TUBOS LED;1604431241624;D1010056;D1010056 TUBO T8 ALUMINIO 60 CMS AC220V 9W±10%, 120° 800lm 4000K CRI >70 G13 25000 HRS VIDA ÚTIL;2500
8;TUBOS LED;1604431277894;D1010057;D1010057 TUBO T8 ALUMINIO 60 CMS AC220V 9W±10%, 120° 800lm 6000K CRI >70 G13 25000 HRS VIDA ÚTIL;2500
8;TUBOS LED;1604431336980;D1010058;D1010058 TUBO T8 ALUMINIO 120 CMS AC220V 18W±10%, 120° 1600lm 3000K CRI >70 G13 25000 HRS VIDA ÚTIL;3300
8;TUBOS LED;1604431401724;D1010059;D1010059 TUBO T8 ALUMINIO 120 CMS AC220V 18W±10%, 120° 1600lm 4000K CRI >70 G13 25000 HRS VIDA ÚTIL;3300
8;TUBOS LED;1604431439615;D1010060;D1010060 TUBO T8 ALUMINIO 120 CMS AC220V 18W±10%, 120° 1600lm 6000K CRI >70 G13 25000 HRS VIDA ÚTIL;3300
8;TUBOS LED;1608219968878;P010020;P010020 TUBOS PHILIPS LED T8 16W 4000K 1600LM 15000HRS VIDA UTIL;1500
